family,model,comparison,metric,n_impressions,n_users,delta,d_impression,p_impression,d_user,p_user,d_impression_improvement,d_user_improvement,d_impression_ru_gtK,d_impression_warm_users,significant_uncorrected,significant_holm,significant_bh,significant_user_holm,practically_meaningful,practically_meaningful_user
A_EAC_vs_TradCal,most_popular,topic_eac vs trad,NDCG@K,500000,292991,-0.0028159985923836,-0.0401542955911904,2.07624913123259e-263,-0.0477427386983504,7.023131034517157e-264,-0.0401542955911904,-0.0477427386983504,-0.0577962570053512,-0.0488012526474568,True,True,True,True,False,False
A_EAC_vs_TradCal,most_popular,topic_eac vs trad,ILD@K,500000,292991,0.0019610666666666,0.0758860741689963,0.0,0.0888470266728751,0.0,0.0758860741689963,0.0888470266728751,0.1219620194281203,0.0844083149752701,True,True,True,True,False,False
A_EAC_vs_TradCal,most_popular,topic_eac vs trad,Entropy,500000,292991,0.0080951611444866,0.1075026760599682,0.0,0.1251522110144082,0.0,0.1075026760599682,0.1251522110144082,0.1735691646689321,0.119159876405242,True,True,True,True,True,True
A_EAC_vs_TradCal,most_popular,topic_eac vs trad,ERR@K,500000,292991,-0.0001867454845819,-0.0074242664155578,0.6508378125112043,-0.0115037851003841,0.2474689789848001,0.0074242664155578,0.0115037851003841,-0.0118788774823408,-0.0081097176811974,False,False,False,False,False,False
A_EAC_vs_TradCal,most_popular,topic_eac vs trad,TCI@K,500000,292991,-0.0012141950820723,-0.390146766820547,0.0,-0.4120778091724946,0.0,0.390146766820547,0.4120778091724946,-0.7148093881248548,-0.4276456337191032,True,True,True,True,True,True
A_EAC_vs_TradCal,most_popular,entity_eac vs trad,NDCG@K,500000,292991,-0.0261702833649496,-0.1364975415245316,0.0,-0.1525972387644584,0.0,-0.1364975415245316,-0.1525972387644584,-0.1060718524724987,-0.1594222667725894,True,True,True,True,True,True
A_EAC_vs_TradCal,most_popular,entity_eac vs trad,ILD@K,500000,292991,0.0106153333333333,0.2145322217016122,0.0,0.2403619342065905,0.0,0.2145322217016122,0.2403619342065905,0.35626433553772,0.2128959353258391,True,True,True,True,True,True
A_EAC_vs_TradCal,most_popular,entity_eac vs trad,Entropy,500000,292991,0.0298980785170127,0.2230651263700238,0.0,0.2483387166255914,0.0,0.2230651263700238,0.2483387166255914,0.3716022522808441,0.2202189287801164,True,True,True,True,True,True
A_EAC_vs_TradCal,most_popular,entity_eac vs trad,ERR@K,500000,292991,-0.0180002446819697,-0.4195444683402569,0.0,-0.473774376631507,0.0,0.4195444683402569,0.473774376631507,-0.7880953893438415,-0.4240472252888498,True,True,True,True,True,True
A_EAC_vs_TradCal,most_popular,entity_eac vs trad,TCI@K,500000,292991,-0.0009146693922655,-0.1217601233283887,0.0,-0.1357243686286527,0.0,0.1217601233283887,0.1357243686286527,-0.197100977444146,-0.1141589228500877,True,True,True,True,True,True
A_EAC_vs_TradCal,most_popular,category_eac vs trad,NDCG@K,500000,292991,-0.0062155114172332,-0.099043767659631,0.0,-0.1104749881819749,0.0,-0.099043767659631,-0.1104749881819749,-0.1411342420409548,-0.1098986548937956,True,True,True,True,False,True
A_EAC_vs_TradCal,most_popular,category_eac vs trad,ILD@K,500000,292991,0.0181343555555555,0.4708935421180009,0.0,0.5068282883038626,0.0,0.4708935421180009,0.5068282883038626,0.9315265610413668,0.52639102257211,True,True,True,True,True,True
A_EAC_vs_TradCal,most_popular,category_eac vs trad,Entropy,500000,292991,0.0588314289388143,0.4754193780212251,0.0,0.513853331621401,0.0,0.4754193780212251,0.513853331621401,0.9453191826658032,0.5323428642153262,True,True,True,True,True,True
A_EAC_vs_TradCal,most_popular,category_eac vs trad,ERR@K,500000,292991,0.0017767001397831,0.0732419357324973,0.0,0.0808949971183529,0.0,-0.0732419357324973,-0.0808949971183529,0.1176759214746065,0.0815243600968639,True,True,True,True,False,False
A_EAC_vs_TradCal,most_popular,category_eac vs trad,TCI@K,500000,292991,-0.0007877674820316,-0.184719946637814,0.0,-0.2107527039022815,0.0,0.184719946637814,0.2107527039022815,-0.3037338199196926,-0.201819656611967,True,True,True,True,True,True
A_EAC_vs_TradCal,most_popular,sentiment_eac vs trad,NDCG@K,500000,292991,-0.0035776835803459,-0.0501306225555818,0.0,-0.0576284743949421,0.0,-0.0501306225555818,-0.0576284743949421,-0.0764838941834703,-0.0550772740750862,True,True,True,True,False,False
A_EAC_vs_TradCal,most_popular,sentiment_eac vs trad,ILD@K,500000,292991,0.0029421333333333,0.0957529961794859,0.0,0.108378510690354,0.0,0.0957529961794859,0.108378510690354,0.1543062361769522,0.1051204349991259,True,True,True,True,False,True
A_EAC_vs_TradCal,most_popular,sentiment_eac vs trad,Entropy,500000,292991,0.0081528545627692,0.093045005623444,0.0,0.1049212132916753,0.0,0.093045005623444,0.1049212132916753,0.149881683105809,0.1021117420683272,True,True,True,True,False,True
A_EAC_vs_TradCal,most_popular,sentiment_eac vs trad,ERR@K,500000,292991,0.0002792752537295,0.0131597717920141,0.1145897094416331,0.0182207188953234,0.0021326584594525,-0.0131597717920141,-0.0182207188953234,0.0210576648062897,0.0144345432894232,False,False,False,True,False,False
A_EAC_vs_TradCal,most_popular,sentiment_eac vs trad,TCI@K,500000,292991,0.0001413395226566,0.0269754088130801,8.125511934779581e-252,0.0350762581233669,6.775732756133356e-246,-0.0269754088130801,-0.0350762581233669,0.0431834990607783,0.0295840497841716,True,True,True,True,False,False
A_EAC_vs_TradCal,most_popular,mv_eac vs trad,NDCG@K,500000,292991,-0.0009349572859015,-0.011305874202339,2.8285346135453574e-14,-0.0147676936396495,1.9642631165674133e-14,-0.011305874202339,-0.0147676936396495,-0.020982267138959,-0.0269048638717356,True,True,True,True,False,False
A_EAC_vs_TradCal,most_popular,mv_eac vs trad,ILD@K,500000,292991,0.0111999555555555,0.356423888533151,0.0,0.3976608700002785,0.0,0.356423888533151,0.3976608700002785,0.636832055314885,0.4034431735665642,True,True,True,True,True,True
A_EAC_vs_TradCal,most_popular,mv_eac vs trad,Entropy,500000,292991,0.0377979443307557,0.3487472938165355,0.0,0.3901778013194105,0.0,0.3487472938165355,0.3901778013194105,0.6198609290268752,0.4028063821448799,True,True,True,True,True,True
A_EAC_vs_TradCal,most_popular,mv_eac vs trad,ERR@K,500000,292991,-0.0020353934814375,-0.0734454101512063,0.0,-0.086245624501434,0.0,0.0734454101512063,0.086245624501434,-0.1180056086957493,-0.0694919323463361,True,True,True,True,False,False
A_EAC_vs_TradCal,most_popular,mv_eac vs trad,TCI@K,500000,292991,-0.000742333142744,-0.2241306624077263,0.0,-0.2537853158659158,0.0,0.2241306624077263,0.2537853158659158,-0.3735278435262891,-0.252004214430361,True,True,True,True,True,True
D_MV_vs_Original,most_popular,mv_eac vs original,NDCG@K,500000,292991,0.0863884171605354,0.2704852099329071,0.0,0.296015943195675,0.0,0.2704852099329071,0.296015943195675,0.2574051836169926,0.2871602795565655,True,True,True,True,True,True
D_MV_vs_Original,most_popular,mv_eac vs original,ILD@K,500000,292991,0.0263212888888888,0.4482317844666111,0.0,0.5035758824553372,0.0,0.4482317844666111,0.5035758824553372,0.8654642064997574,0.4476787955005811,True,True,True,True,True,True
D_MV_vs_Original,most_popular,mv_eac vs original,Entropy,500000,292991,0.088174108959695,0.4755289572655574,0.0,0.5343032686375258,0.0,0.4755289572655574,0.5343032686375258,0.945655778303179,0.4742495961530158,True,True,True,True,True,True
D_MV_vs_Original,most_popular,mv_eac vs original,ERR@K,500000,292991,-0.0094257517331733,-0.2066546009768277,0.0,-0.2340612633774402,0.0,0.2066546009768277,0.2340612633774402,-0.3422295629299328,-0.1945892211974941,True,True,True,True,True,True
D_MV_vs_Original,most_popular,mv_eac vs original,TCI@K,500000,292991,-0.0055314521703994,-0.4907303249289518,0.0,-0.5528906616640173,0.0,0.4907303249289518,0.5528906616640173,-0.9936295292737032,-0.4868863149525445,True,True,True,True,True,True
E_Ablation_vs_MV,most_popular,no_category vs mv_eac,NDCG@K,500000,292991,0.0041175456134286,0.0224850352006177,5.88468890695181e-256,0.0269484958308577,2.9757645450468475e-218,0.0224850352006177,0.0269484958308577,0.022487600141452,0.0158965099508686,True,True,True,True,False,False
E_Ablation_vs_MV,most_popular,no_category vs mv_eac,ILD@K,500000,292991,-0.0193666222222222,-0.4518737031742621,0.0,-0.5101013595472864,0.0,-0.4518737031742621,-0.5101013595472864,-0.8757631802061091,-0.4537009718369371,True,True,True,True,True,True
E_Ablation_vs_MV,most_popular,no_category vs mv_eac,Entropy,500000,292991,-0.0677771013106813,-0.468330147791507,0.0,-0.5283400568428402,0.0,-0.468330147791507,-0.5283400568428402,-0.9238075834277312,-0.4695224933069342,True,True,True,True,True,True
E_Ablation_vs_MV,most_popular,no_category vs mv_eac,ERR@K,500000,292991,-0.0014639688187128,-0.0600348990146379,0.0,-0.0706770773872297,0.0,0.0600348990146379,0.0706770773872297,-0.0963232628316644,-0.0620137973860693,True,True,True,True,False,False
E_Ablation_vs_MV,most_popular,no_category vs mv_eac,TCI@K,500000,292991,-0.0001971911251351,-0.085478106268253,0.0,-0.0977604597097854,0.0,0.085478106268253,0.0977604597097854,-0.1375457157128606,-0.088012301030715,True,True,True,True,False,False
E_Ablation_vs_MV,most_popular,no_entity vs mv_eac,NDCG@K,500000,292991,-0.0020176252667654,-0.011059349852393,5.047740856045205e-30,-0.0151501949940101,1.9218109697377986e-29,-0.011059349852393,-0.0151501949940101,-0.031513120618002,-0.0158457993741661,True,True,True,True,False,False
E_Ablation_vs_MV,most_popular,no_entity vs mv_eac,ILD@K,500000,292991,0.0037792444444444,0.2581442250112242,0.0,0.2934046879599258,0.0,0.2581442250112242,0.2934046879599258,0.4363127500058662,0.2705419515995124,True,True,True,True,True,True
E_Ablation_vs_MV,most_popular,no_entity vs mv_eac,Entropy,500000,292991,0.0153812242191764,0.287032441397488,0.0,0.3255277421076436,0.0,0.287032441397488,0.3255277421076436,0.4919294116396248,0.2978385199591397,True,True,True,True,True,True
E_Ablation_vs_MV,most_popular,no_entity vs mv_eac,ERR@K,500000,292991,-0.0010439369248,-0.0343311315251079,1.0757502499616544e-131,-0.0360011586655741,2.542235470198552e-96,0.0343311315251079,0.0360011586655741,-0.0549782461564069,-0.0587820538580739,True,True,True,True,False,False
E_Ablation_vs_MV,most_popular,no_entity vs mv_eac,TCI@K,500000,292991,-0.0005566492206182,-0.2305374467648769,0.0,-0.265879833279348,0.0,0.2305374467648769,0.265879833279348,-0.3851557285036645,-0.2404893967073046,True,True,True,True,True,True
E_Ablation_vs_MV,most_popular,no_topic vs mv_eac,NDCG@K,500000,292991,-0.0178900973377019,-0.0707188535075225,0.0,-0.0784989511062118,0.0,-0.0707188535075225,-0.0784989511062118,-0.0592779847017678,-0.0604979017832342,True,True,True,True,False,False
E_Ablation_vs_MV,most_popular,no_topic vs mv_eac,ILD@K,500000,292991,0.0027668888888888,0.1827428317322955,0.0,0.2131020803083963,0.0,0.1827428317322955,0.2131020803083963,0.3003031948089123,0.1874855269246119,True,True,True,True,True,True
E_Ablation_vs_MV,most_popular,no_topic vs mv_eac,Entropy,500000,292991,0.0074758424818645,0.153496355838762,0.0,0.1780797151703339,0.0,0.153496355838762,0.1780797151703339,0.2502257282551838,0.1655338459798228,True,True,True,True,True,True
E_Ablation_vs_MV,most_popular,no_topic vs mv_eac,ERR@K,500000,292991,0.001146923276487,0.036051508982643,1.2595211819496487e-238,0.041147058724772,6.7872528996697654e-136,-0.036051508982643,-0.041147058724772,0.0577387401097937,0.0651695440497204,True,True,True,True,False,False
E_Ablation_vs_MV,most_popular,no_topic vs mv_eac,TCI@K,500000,292991,0.0031181278158395,0.4978018826350663,0.0,0.5634237198404298,0.0,-0.4978018826350663,-0.5634237198404298,1.0168662125237695,0.4936433359464858,True,True,True,True,True,True
F_Sweep_vs_MV,most_popular,sweep w_topic=0.15 vs mv_eac,NDCG@K,500000,292991,-0.0073599315261563,-0.0456596063956155,3.0391905219281908e-295,-0.0517747871364209,1.1416220827774799e-246,-0.0456596063956155,-0.0517747871364209,-0.0354961421093096,-0.0404693543498658,True,True,True,True,False,False
F_Sweep_vs_MV,most_popular,sweep w_topic=0.15 vs mv_eac,ILD@K,500000,292991,0.0020538666666666,0.165445770223138,0.0,0.1924962113573258,0.0,0.165445770223138,0.1924962113573258,0.2705414684982384,0.1647227783599294,True,True,True,True,True,True
F_Sweep_vs_MV,most_popular,sweep w_topic=0.15 vs mv_eac,Entropy,500000,292991,0.0057613533969323,0.1415910505341141,0.0,0.1633503232596518,0.0,0.1415910505341141,0.1633503232596518,0.2301642546434994,0.1481808335873768,True,True,True,True,True,True
F_Sweep_vs_MV,most_popular,sweep w_topic=0.15 vs mv_eac,ERR@K,500000,292991,0.0004289093296121,0.0182037270116143,1.8902599015464874e-238,0.0191903562370604,7.439960599553855e-179,-0.0182037270116143,-0.0191903562370604,0.0291323666955697,0.0364423971246137,True,True,True,True,False,False
F_Sweep_vs_MV,most_popular,sweep w_topic=0.15 vs mv_eac,TCI@K,500000,292991,0.0008602472646144,0.3291829941281833,0.0,0.3767822486275828,0.0,-0.3291829941281833,-0.3767822486275828,0.5777583492411498,0.3361202101693696,True,True,True,True,True,True
F_Sweep_vs_MV,most_popular,sweep w_topic=0.50 vs mv_eac,NDCG@K,500000,292991,0.0034269098045756,0.0262439525882812,2.9813757023142823e-123,0.0301165793408994,5.117343609203457e-105,0.0262439525882812,0.0301165793408994,0.011297075688744,0.0201136926344766,True,True,True,True,False,False
F_Sweep_vs_MV,most_popular,sweep w_topic=0.50 vs mv_eac,ILD@K,500000,292991,-0.0027294222222222,-0.1938418099924344,0.0,-0.2227595455410075,0.0,-0.1938418099924344,-0.2227595455410075,-0.319643383054775,-0.1919431579637205,True,True,True,True,True,True
F_Sweep_vs_MV,most_popular,sweep w_topic=0.50 vs mv_eac,Entropy,500000,292991,-0.0095647551178727,-0.1920167897180507,0.0,-0.2191959668327549,0.0,-0.1920167897180507,-0.2191959668327549,-0.31644937754079,-0.1902686789004436,True,True,True,True,True,True
F_Sweep_vs_MV,most_popular,sweep w_topic=0.50 vs mv_eac,ERR@K,500000,292991,-0.0005585702281606,-0.0270733822883356,1.4351871950539766e-40,-0.0296955311079864,1.8154062220910167e-30,0.0270733822883356,0.0296955311079864,-0.0433405187878069,-0.0372701748208125,True,True,True,True,False,False
F_Sweep_vs_MV,most_popular,sweep w_topic=0.50 vs mv_eac,TCI@K,500000,292991,-0.000496925964659,-0.266368348135087,0.0,-0.3041707559926236,0.0,0.266368348135087,0.3041707559926236,-0.4519129861739498,-0.270310448346893,True,True,True,True,True,True
F_Sweep_vs_MV,most_popular,sweep w_topic=0.70 vs mv_eac,NDCG@K,500000,292991,0.0037077153123734,0.0207662326190212,1.7375859115215754e-91,0.0230105263116915,6.755887511058218e-72,0.0207662326190212,0.0230105263116915,0.0026206293033227,0.0168883390123735,True,True,True,True,False,False
F_Sweep_vs_MV,most_popular,sweep w_topic=0.70 vs mv_eac,ILD@K,500000,292991,-0.0072537777777777,-0.2979211920073621,0.0,-0.3393275746730553,0.0,-0.2979211920073621,-0.3393275746730553,-0.5135265754008275,-0.2940870452871157,True,True,True,True,True,True
F_Sweep_vs_MV,most_popular,sweep w_topic=0.70 vs mv_eac,Entropy,500000,292991,-0.0256962409295676,-0.2982097822212372,0.0,-0.3391610484857431,0.0,-0.2982097822212372,-0.3391610484857431,-0.5141040877293637,-0.2933382289101892,True,True,True,True,True,True
F_Sweep_vs_MV,most_popular,sweep w_topic=0.70 vs mv_eac,ERR@K,500000,292991,-0.0010484725130758,-0.0389329708895091,4.275571825080548e-53,-0.043500177750426,4.4029260627597446e-34,0.0389329708895091,0.043500177750426,-0.0623641123075608,-0.0520092273874982,True,True,True,True,False,False
F_Sweep_vs_MV,most_popular,sweep w_topic=0.70 vs mv_eac,TCI@K,500000,292991,-0.0009077762001831,-0.3633918772127939,0.0,-0.4165941617209056,0.0,0.3633918772127939,0.4165941617209056,-0.6524727997194307,-0.369789904340752,True,True,True,True,True,True
F_Sweep_vs_MV,most_popular,sweep w_topic=0.85 vs mv_eac,NDCG@K,500000,292991,0.0030452102473714,0.0148444805140859,2.88256435096216e-70,0.0167229297337902,4.1977789920203445e-54,0.0148444805140859,0.0167229297337902,-0.0043889498861786,0.0122647884480231,True,True,True,True,False,False
F_Sweep_vs_MV,most_popular,sweep w_topic=0.85 vs mv_eac,ILD@K,500000,292991,-0.0110127111111111,-0.3422732345575101,0.0,-0.3881948347706724,0.0,-0.3422732345575101,-0.3881948347706724,-0.6057512298906005,-0.3398411825539613,True,True,True,True,True,True
F_Sweep_vs_MV,most_popular,sweep w_topic=0.85 vs mv_eac,Entropy,500000,292991,-0.038523111139167,-0.3471979185250383,0.0,-0.3935906398008478,0.0,-0.3471979185250383,-0.3935906398008478,-0.6164676111272412,-0.3436624736226237,True,True,True,True,True,True
F_Sweep_vs_MV,most_popular,sweep w_topic=0.85 vs mv_eac,ERR@K,500000,292991,-0.0012956286099059,-0.0432109348575885,3.8727160051459785e-60,-0.047992757926495,4.010591986707598e-38,0.0432109348575885,0.047992757926495,-0.0692357183212737,-0.0580422516005455,True,True,True,True,False,False
F_Sweep_vs_MV,most_popular,sweep w_topic=0.85 vs mv_eac,TCI@K,500000,292991,-0.0011048044639015,-0.3962137054582217,0.0,-0.4523452691883804,0.0,0.3962137054582217,0.4523452691883804,-0.7294930565523593,-0.4072546455323408,True,True,True,True,True,True
F_Sweep_vs_MV,most_popular,sweep w_topic=1.00 vs mv_eac,NDCG@K,500000,292991,0.0012994035634298,0.0053887594236014,1.6543101907310167e-41,0.0050726663346817,4.8267885406006456e-27,0.0053887594236014,0.0050726663346817,-0.0131637448085019,0.0032374533058966,True,True,True,True,False,False
F_Sweep_vs_MV,most_popular,sweep w_topic=1.00 vs mv_eac,ILD@K,500000,292991,-0.0159106666666666,-0.3784332038475128,0.0,-0.4276032857607951,0.0,-0.3784332038475128,-0.4276032857607951,-0.6870512014700066,-0.3765854360857582,True,True,True,True,True,True
F_Sweep_vs_MV,most_popular,sweep w_topic=1.00 vs mv_eac,Entropy,500000,292991,-0.0541890496709152,-0.3929899395852039,0.0,-0.44407337953006,0.0,-0.3929899395852039,-0.44407337953006,-0.7216637709684347,-0.3904406321836472,True,True,True,True,True,True
F_Sweep_vs_MV,most_popular,sweep w_topic=1.00 vs mv_eac,ERR@K,500000,292991,-0.0016231346951298,-0.0479397291553522,4.424772799623615e-62,-0.0530606360883547,5.792334122827052e-34,0.0479397291553522,0.0530606360883547,-0.0768384484299353,-0.0715940433265394,True,True,True,True,False,False
F_Sweep_vs_MV,most_popular,sweep w_topic=1.00 vs mv_eac,TCI@K,500000,292991,-0.0012098792503798,-0.4094808347815545,0.0,-0.4680194198698375,0.0,0.4094808347815545,0.4680194198698375,-0.7623836253494632,-0.422201733975615,True,True,True,True,True,True
G_MV_vs_SingleView,most_popular,mv_eac vs topic_eac,NDCG@K,500000,292991,-0.0012994035634298,-0.0053887594236014,1.6543101907310167e-41,-0.0050726663346817,4.8267885406006456e-27,-0.0053887594236014,-0.0050726663346817,0.0131637448085019,-0.0032374533058966,True,True,True,True,False,False
G_MV_vs_SingleView,most_popular,mv_eac vs topic_eac,ILD@K,500000,292991,0.0159106666666666,0.3784332038475128,0.0,0.4276032857607951,0.0,0.3784332038475128,0.4276032857607951,0.6870512014700066,0.3765854360857582,True,True,True,True,True,True
G_MV_vs_SingleView,most_popular,mv_eac vs topic_eac,Entropy,500000,292991,0.0541890496709152,0.3929899395852039,0.0,0.44407337953006,0.0,0.3929899395852039,0.44407337953006,0.7216637709684347,0.3904406321836472,True,True,True,True,True,True
G_MV_vs_SingleView,most_popular,mv_eac vs topic_eac,ERR@K,500000,292991,0.0016231346951298,0.0479397291553522,4.424772799623615e-62,0.0530606360883547,5.792334122827052e-34,-0.0479397291553522,-0.0530606360883547,0.0768384484299353,0.0715940433265394,True,True,True,True,False,False
G_MV_vs_SingleView,most_popular,mv_eac vs topic_eac,TCI@K,500000,292991,0.0012098792503798,0.4094808347815545,0.0,0.4680194198698375,0.0,-0.4094808347815545,-0.4680194198698375,0.7623836253494632,0.422201733975615,True,True,True,True,True,True
G_MV_vs_SingleView,most_popular,mv_eac vs entity_eac,NDCG@K,500000,292991,0.0620946739243587,0.2148769724085984,0.0,0.2354040263528574,0.0,0.2148769724085984,0.2354040263528574,0.1722152518828701,0.2276787503858746,True,True,True,True,True,True
G_MV_vs_SingleView,most_popular,mv_eac vs entity_eac,ILD@K,500000,292991,0.0244110666666666,0.4737910057828878,0.0,0.535329030952749,0.0,0.4737910057828878,0.535329030952749,0.9403321690997202,0.4739052434193608,True,True,True,True,True,True
G_MV_vs_SingleView,most_popular,mv_eac vs entity_eac,Entropy,500000,292991,0.0850995143632629,0.4896692378845898,0.0,0.5510005225796828,0.0,0.4896692378845898,0.5510005225796828,0.9901951866495756,0.4896330220604166,True,True,True,True,True,True
G_MV_vs_SingleView,most_popular,mv_eac vs entity_eac,ERR@K,500000,292991,0.0095353215765792,0.2515647977619723,0.0,0.2865488979879747,0.0,-0.2515647977619723,-0.2865488979879747,0.4239565873772811,0.2584859635294404,True,True,True,True,True,True
G_MV_vs_SingleView,most_popular,mv_eac vs entity_eac,TCI@K,500000,292991,-0.004588937975912,-0.5072490398470964,0.0,-0.5707063502706381,0.0,0.5072490398470964,0.5707063502706381,-1.048902600528454,-0.5060277365808759,True,True,True,True,True,True
G_MV_vs_SingleView,most_popular,mv_eac vs category_eac,NDCG@K,500000,292991,0.0405347048641366,0.1372185249184085,0.0,0.1529645197695774,0.0,0.1372185249184085,0.1529645197695774,0.1554414412288791,0.1339101640122994,True,True,True,True,True,True
G_MV_vs_SingleView,most_popular,mv_eac vs category_eac,ILD@K,500000,292991,-0.0059127555555555,-0.3381937529025691,0.0,-0.3777873801337413,0.0,-0.3381937529025691,-0.3777873801337413,-0.5969521402217287,-0.327937046816899,True,True,True,True,True,True
G_MV_vs_SingleView,most_popular,mv_eac vs category_eac,Entropy,500000,292991,-0.0194188625485147,-0.325028971997169,0.0,-0.3614962560708111,0.0,-0.325028971997169,-0.3614962560708111,-0.5690180207455344,-0.3165420335800802,True,True,True,True,True,True
G_MV_vs_SingleView,most_popular,mv_eac vs category_eac,ERR@K,500000,292991,-0.0060706072079596,-0.1509506634112661,0.0,-0.1741491001918393,0.0,0.1509506634112661,0.1741491001918393,-0.2459215371281739,-0.1330120036212509,True,True,True,True,True,True
G_MV_vs_SingleView,most_popular,mv_eac vs category_eac,TCI@K,500000,292991,-0.002989530775626,-0.4586163733971102,0.0,-0.5185956331797906,0.0,0.4586163733971102,0.5185956331797906,-0.8951420977412058,-0.4473379100572376,True,True,True,True,True,True
H_SentimentAddBack,most_popular,mv4 vs mv_eac,NDCG@K,500000,292991,-0.0055158146796621,-0.0261304756558274,0.0,-0.0309722026489292,0.0,-0.0261304756558274,-0.0309722026489292,-0.028264396879914,-0.0286314656300332,True,True,True,True,False,False
H_SentimentAddBack,most_popular,mv4 vs mv_eac,ILD@K,500000,292991,-4.791111111111098e-05,-0.0042622026616006,0.0011864935665845,-0.0043698543917825,1.3631057317974367e-05,-0.0042622026616006,-0.0043698543917825,-0.0068193571129446,-0.0077175837245536,True,True,True,True,False,False
H_SentimentAddBack,most_popular,mv4 vs mv_eac,Entropy,500000,292991,-0.0006107873685779,-0.0168320574102827,2.779785791979649e-19,-0.0189237397576481,1.018244291699719e-21,-0.0168320574102827,-0.0189237397576481,-0.0269362027427126,-0.020721235387688,True,True,True,True,False,False
H_SentimentAddBack,most_popular,mv4 vs mv_eac,ERR@K,500000,292991,0.001700561120964,0.0636750880648551,4.4060830770597294e-185,0.0744863382577993,2.765180170634447e-189,-0.0636750880648551,-0.0744863382577993,0.1021998837632686,0.0672344014748621,True,True,True,True,False,False
H_SentimentAddBack,most_popular,mv4 vs mv_eac,TCI@K,500000,292991,0.0003081117623616,0.1491362076206162,0.0,0.1704210292675176,0.0,-0.1491362076206162,-0.1704210292675176,0.242858605214895,0.1499988696396769,True,True,True,True,True,True
B_MCF_vs_TradCal,most_popular,mcf_category vs trad,NDCG@K,500000,292991,-0.0180110134251717,-0.1001663614352464,0.0,-0.1069689916718239,0.0,-0.1001663614352464,-0.1069689916718239,-0.0494507876661808,-0.104943937437892,True,True,True,True,True,True
B_MCF_vs_TradCal,most_popular,mcf_category vs trad,ILD@K,500000,292991,0.0017199555555555,0.1483515147756695,0.0,0.1714639163586997,0.0,0.1483515147756695,0.1714639163586997,0.2415352343264975,0.1714020487314239,True,True,True,True,True,True
B_MCF_vs_TradCal,most_popular,mcf_category vs trad,Entropy,500000,292991,0.006560545811698,0.1653801277995812,0.0,0.191733240403713,0.0,0.1653801277995812,0.191733240403713,0.2704293438134273,0.1864282443925072,True,True,True,True,True,True
B_MCF_vs_TradCal,most_popular,mcf_category vs trad,ERR@K,500000,292991,0.001276848225693,0.0395427448780157,3.778031891996548e-171,0.0462456371985729,3.7783431318300656e-162,-0.0395427448780157,-0.0462456371985729,0.0633432379669194,0.0465355637356064,True,True,True,True,False,False
B_MCF_vs_TradCal,most_popular,mcf_category vs trad,TCI@K,500000,292991,-3.876955565973468e-05,-0.0094638932319539,5.071115211851038e-09,-0.0135113249210822,6.582680514507244e-11,0.0094638932319539,0.0135113249210822,-0.0151427012978367,-0.0154462755661495,True,True,True,True,False,False
C_EAC_vs_MCF,most_popular,category_eac vs mcf,NDCG@K,500000,292991,0.0117955020079385,0.0616951362768285,0.0,0.0630238012534429,9.103583306344548e-298,0.0616951362768285,0.0630238012534429,-0.0114190888503305,0.0609072329301305,True,True,True,True,False,False
C_EAC_vs_MCF,most_popular,category_eac vs mcf,ILD@K,500000,292991,0.0164144,0.4577436675539141,0.0,0.4939916035855656,0.0,0.4577436675539141,0.4939916035855656,0.8926105598722118,0.5090865865793003,True,True,True,True,True,True
C_EAC_vs_MCF,most_popular,category_eac vs mcf,Entropy,500000,292991,0.0522708831271162,0.4587634728049785,0.0,0.4964804761855125,0.0,0.4587634728049785,0.4964804761855125,0.8955694971134412,0.5113052230840047,True,True,True,True,True,True
C_EAC_vs_MCF,most_popular,category_eac vs mcf,ERR@K,500000,292991,0.00049985191409,0.0142698815961718,8.670469678693205e-11,0.0140051841102118,6.539196864833911e-09,-0.0142698815961718,-0.0140051841102118,0.0228345541612945,0.0181827830154498,True,True,True,True,False,False
C_EAC_vs_MCF,most_popular,category_eac vs mcf,TCI@K,500000,292991,-0.0007489979263718,-0.1414722472792156,0.0,-0.1632520223707125,0.0,0.1414722472792156,0.1632520223707125,-0.2299649072555416,-0.1587404010206331,True,True,True,True,True,True
B_MCF_vs_TradCal,most_popular,mcf_topic vs trad,NDCG@K,500000,292991,-0.0589820202018479,-0.2115762974443849,0.0,-0.2285571891887717,0.0,-0.2115762974443849,-0.2285571891887717,-0.1707769015921632,-0.2158716537666034,True,True,True,True,True,True
B_MCF_vs_TradCal,most_popular,mcf_topic vs trad,ILD@K,500000,292991,-0.0083771555555555,-0.1883914484119277,0.0,-0.2095791971247564,0.0,-0.1883914484119277,-0.2095791971247564,-0.3101209962217179,-0.1799603600687281,True,True,True,True,True,True
B_MCF_vs_TradCal,most_popular,mcf_topic vs trad,Entropy,500000,292991,-0.0293293580696561,-0.2216595017225389,0.0,-0.2484759473238127,0.0,-0.2216595017225389,-0.2484759473238127,-0.3690656145249586,-0.2142273583153131,True,True,True,True,True,True
B_MCF_vs_TradCal,most_popular,mcf_topic vs trad,ERR@K,500000,292991,0.0061958739628498,0.1480040308139604,0.0,0.1645194416621075,0.0,-0.1480040308139604,-0.1645194416621075,0.2409494473368052,0.1340709239693457,True,True,True,True,True,True
B_MCF_vs_TradCal,most_popular,mcf_topic vs trad,TCI@K,500000,292991,0.0043539505004004,0.5200659368511061,0.0,0.5745854935519246,0.0,-0.5200659368511061,-0.5745854935519246,1.0943412188777,0.516564325874298,True,True,True,True,True,True
C_EAC_vs_MCF,most_popular,topic_eac vs mcf,NDCG@K,500000,292991,0.0561660216094643,0.1969517327230977,0.0,0.2115131861327606,0.0,0.1969517327230977,0.2115131861327606,0.1452456528840431,0.1972972433567852,True,True,True,True,True,True
C_EAC_vs_MCF,most_popular,topic_eac vs mcf,ILD@K,500000,292991,0.0103382222222222,0.2132512509413272,0.0,0.2395570828615267,0.0,0.2132512509413272,0.2395570828615267,0.3539741419775405,0.2109313195103443,True,True,True,True,True,True
C_EAC_vs_MCF,most_popular,topic_eac vs mcf,Entropy,500000,292991,0.0374245192141428,0.2623638826206629,0.0,0.2962987563807253,0.0,0.2623638826206629,0.2962987563807253,0.4442949291239079,0.2635092736626102,True,True,True,True,True,True
C_EAC_vs_MCF,most_popular,topic_eac vs mcf,ERR@K,500000,292991,-0.0063826194474317,-0.1437532161738824,0.0,-0.1614916235103415,0.0,0.1437532161738824,0.1614916235103415,-0.2337951331301775,-0.1299619803876797,True,True,True,True,True,True
C_EAC_vs_MCF,most_popular,topic_eac vs mcf,TCI@K,500000,292991,-0.0055681455824728,-0.5889782940911183,0.0,-0.6582704172520467,0.0,0.5889782940911183,0.6582704172520467,-1.3910401797528638,-0.5955292675378574,True,True,True,True,True,True
B_MCF_vs_TradCal,most_popular,mcf_entity vs trad,NDCG@K,500000,292991,-0.0422002733285589,-0.1939113700633691,0.0,-0.2111359278481615,0.0,-0.1939113700633691,-0.2111359278481615,-0.1880636166793778,-0.2266347505763533,True,True,True,True,True,True
B_MCF_vs_TradCal,most_popular,mcf_entity vs trad,ILD@K,500000,292991,0.0021457333333333,0.0496732619575575,5.610004599618317e-274,0.0509574141864147,4.2050408972768265e-215,0.0496732619575575,0.0509574141864147,0.0796275254491197,0.0317802530710812,True,True,True,True,False,False
B_MCF_vs_TradCal,most_popular,mcf_entity vs trad,Entropy,500000,292991,0.0083459893246047,0.0713787968559772,0.0,0.0757263066725978,0.0,0.0713787968559772,0.0757263066725978,0.1146581689493315,0.0503511379621066,True,True,True,True,False,False
B_MCF_vs_TradCal,most_popular,mcf_entity vs trad,ERR@K,500000,292991,0.0065927462478618,0.2191298765086836,0.0,0.2495996040109135,0.0,-0.2191298765086836,-0.2495996040109135,0.3645106254835783,0.2313813221416633,True,True,True,True,True,True
B_MCF_vs_TradCal,most_popular,mcf_entity vs trad,TCI@K,500000,292991,-1.1890007314519937e-06,-0.0001775473016264,0.001864512877645,0.0046437663656039,0.1019120256763605,0.0001775473016264,-0.0046437663656039,-0.000284064702195,0.0213042035958848,True,True,True,False,False,False
C_EAC_vs_MCF,most_popular,entity_eac vs mcf,NDCG@K,500000,292991,0.0160299899636092,0.081398312003007,0.0,0.0869883929665726,0.0,0.081398312003007,0.0869883929665726,0.077731818555028,0.0866856625221875,True,True,True,True,False,False
C_EAC_vs_MCF,most_popular,entity_eac vs mcf,ILD@K,500000,292991,0.0084696,0.1662697139274875,0.0,0.1881900880872024,0.0,0.1662697139274875,0.1881900880872024,0.2719493647663961,0.1841665902225492,True,True,True,True,True,True
C_EAC_vs_MCF,most_popular,entity_eac vs mcf,Entropy,500000,292991,0.021552089192408,0.1555459769429972,0.0,0.1754969861197571,0.0,0.1555459769429972,0.1754969861197571,0.253697110247757,0.1755090349382622,True,True,True,True,True,True
C_EAC_vs_MCF,most_popular,entity_eac vs mcf,ERR@K,500000,292991,-0.0245929909298316,-0.5021216997959739,0.0,-0.5679513297903731,0.0,0.5021216997959739,0.5679513297903731,-1.031369655893465,-0.5128378860782997,True,True,True,True,True,True
C_EAC_vs_MCF,most_popular,entity_eac vs mcf,TCI@K,500000,292991,-0.0009134803915341,-0.1107188625958493,0.0,-0.1263010090072167,0.0,0.1107188625958493,0.1263010090072167,-0.1788616087829378,-0.121735414555073,True,True,True,True,True,True
B_MCF_vs_TradCal,most_popular,mcf_sentiment vs trad,NDCG@K,500000,292991,0.0072725760917667,0.0484716898844969,0.0,0.0526548017645247,0.0,0.0484716898844969,0.0526548017645247,0.0545526091256703,0.0703406660142472,True,True,True,True,False,False
B_MCF_vs_TradCal,most_popular,mcf_sentiment vs trad,ILD@K,500000,292991,-3.4000000000000054e-05,-0.0010771155748278,0.3387857261701454,0.0018124828265059,0.8505703235499998,-0.0010771155748278,0.0018124828265059,-0.0017233198224903,-2.8794377436288023e-05,False,False,False,False,False,False
B_MCF_vs_TradCal,most_popular,mcf_sentiment vs trad,Entropy,500000,292991,-0.000124456103483,-0.001336416547584,0.3811577512800614,0.0009955549828925,0.8541534958271159,-0.001336416547584,0.0009955549828925,-0.0021381867512528,-0.0004523142839703,False,False,False,False,False,False
B_MCF_vs_TradCal,most_popular,mcf_sentiment vs trad,ERR@K,500000,292991,9.457965293564016e-06,0.0003371539148062,0.7334818963705195,0.0001261133367107,0.444244433393387,-0.0003371539148062,-0.0001261133367107,0.0005394254469771,0.000729805589351,False,False,False,False,False,False
B_MCF_vs_TradCal,most_popular,mcf_sentiment vs trad,TCI@K,500000,292991,1.5539339730754245e-05,0.0030125903840498,0.0275087092433604,0.0017283916227988,0.079162814471665,-0.0030125903840498,-0.0017283916227988,0.0048199922994046,-9.74691417417228e-05,True,False,True,False,False,False
C_EAC_vs_MCF,most_popular,sentiment_eac vs mcf,NDCG@K,500000,292991,-0.0108502596721127,-0.0659498395491492,0.0,-0.072873881770841,0.0,-0.0659498395491492,-0.072873881770841,-0.0872442523833072,-0.0887011070658031,True,True,True,True,False,False
C_EAC_vs_MCF,most_popular,sentiment_eac vs mcf,ILD@K,500000,292991,0.0029761333333333,0.075218957391955,0.0,0.0828522323260088,0.0,0.075218957391955,0.0828522323260088,0.1208802584689726,0.0863688328982624,True,True,True,True,False,False
C_EAC_vs_MCF,most_popular,sentiment_eac vs mcf,Entropy,500000,292991,0.0082773106662523,0.0720812101190065,0.0,0.0793005695830342,0.0,0.0720812101190065,0.0793005695830342,0.1157956526859353,0.083119889536281,True,True,True,True,False,False
C_EAC_vs_MCF,most_popular,sentiment_eac vs mcf,ERR@K,500000,292991,0.0002698172884359,0.00831288820583,0.0172364173350721,0.0117484862073518,0.0005208375242632,-0.00831288820583,-0.0117484862073518,0.0133008235558774,0.0095191929032258,True,False,True,True,False,False
C_EAC_vs_MCF,most_popular,sentiment_eac vs mcf,TCI@K,500000,292991,0.0001258001829258,0.0189317675077677,4.9069681665840555e-96,0.0260807490542299,2.0248724952724134e-98,-0.0189317675077677,-0.0260807490542299,0.0302981267835896,0.0247432016673597,True,True,True,True,False,False
A_EAC_vs_TradCal,itemknn,topic_eac vs trad,NDCG@K,500000,292991,-0.0035782996798409,-0.0556298684061821,0.0,-0.0638177264640978,0.0,-0.0556298684061821,-0.0638177264640978,-0.079152130748286,-0.0614077240777394,True,True,True,True,False,False
A_EAC_vs_TradCal,itemknn,topic_eac vs trad,ILD@K,500000,292991,0.0024296444444444,0.0968386558538261,0.0,0.1130925752123059,0.0,0.0968386558538261,0.1130925752123059,0.1560816035745294,0.1095478984982609,True,True,True,True,False,True
A_EAC_vs_TradCal,itemknn,topic_eac vs trad,Entropy,500000,292991,0.0093977307792087,0.1281992253099569,0.0,0.1488840536002924,0.0,0.1281992253099569,0.1488840536002924,0.2077915487238178,0.1440390923518309,True,True,True,True,True,True
A_EAC_vs_TradCal,itemknn,topic_eac vs trad,ERR@K,500000,292991,7.642533797921197e-05,0.0033622482928938,0.0144780775334778,0.000883238830412,0.0536653161769237,-0.0033622482928938,-0.000883238830412,0.0053794366268942,0.0040472588262528,True,False,True,False,False,False
A_EAC_vs_TradCal,itemknn,topic_eac vs trad,TCI@K,500000,292991,-0.0011242544169879,-0.3621274274699349,0.0,-0.3828201392358181,0.0,0.3621274274699349,0.3828201392358181,-0.6496173801173621,-0.406436121149572,True,True,True,True,True,True
A_EAC_vs_TradCal,itemknn,entity_eac vs trad,NDCG@K,500000,292991,0.0043398779866437,0.0433805168505697,0.0,0.0482200114893447,0.0,0.0433805168505697,0.0482200114893447,0.0428483085179424,0.0390447151292715,True,True,True,True,False,False
A_EAC_vs_TradCal,itemknn,entity_eac vs trad,ILD@K,500000,292991,0.0064086666666666,0.153640291652824,0.0,0.1750555592329822,0.0,0.153640291652824,0.1750555592329822,0.2504693339804358,0.1366098939807109,True,True,True,True,True,True
A_EAC_vs_TradCal,itemknn,entity_eac vs trad,Entropy,500000,292991,0.0166975687133909,0.147726125282477,0.0,0.1670016350570413,0.0,0.147726125282477,0.1670016350570413,0.2404810604243188,0.1249336611308211,True,True,True,True,True,True
A_EAC_vs_TradCal,itemknn,entity_eac vs trad,ERR@K,500000,292991,-0.0131229578902138,-0.4440593308101727,0.0,-0.5022937833689066,0.0,0.4440593308101727,0.5022937833689066,-0.8538048118429337,-0.4468158527774724,True,True,True,True,True,True
A_EAC_vs_TradCal,itemknn,entity_eac vs trad,TCI@K,500000,292991,-0.000704858113414,-0.1101932689653504,0.0,-0.1254897153281566,0.0,0.1101932689653504,0.1254897153281566,-0.177996102766471,-0.0957684813294698,True,True,True,True,True,True
A_EAC_vs_TradCal,itemknn,category_eac vs trad,NDCG@K,500000,292991,-0.0053793954777587,-0.0924863864634043,0.0,-0.1024960500414274,0.0,-0.0924863864634043,-0.1024960500414274,-0.1343509052620647,-0.1015607846023936,True,True,True,True,False,True
A_EAC_vs_TradCal,itemknn,category_eac vs trad,ILD@K,500000,292991,0.0180574666666666,0.4632289544006647,0.0,0.4996849852655591,0.0,0.4632289544006647,0.4996849852655591,0.9086407153638224,0.5197245090112219,True,True,True,True,True,True
A_EAC_vs_TradCal,itemknn,category_eac vs trad,Entropy,500000,292991,0.0604031933627394,0.4745424707890186,0.0,0.5149327873110303,0.0,0.4745424707890186,0.5149327873110303,0.9426301333858326,0.5330206421467573,True,True,True,True,True,True
A_EAC_vs_TradCal,itemknn,category_eac vs trad,ERR@K,500000,292991,0.0021573811321957,0.0874568158526533,0.0,0.0973194501929874,0.0,-0.0874568158526533,-0.0973194501929874,0.1407677298704693,0.0960288631095195,True,True,True,True,False,False
A_EAC_vs_TradCal,itemknn,category_eac vs trad,TCI@K,500000,292991,-0.0008059711572563,-0.1888443507252024,0.0,-0.2140331800376298,0.0,0.1888443507252024,0.2140331800376298,-0.3109104014354675,-0.2079491220499472,True,True,True,True,True,True
A_EAC_vs_TradCal,itemknn,sentiment_eac vs trad,NDCG@K,500000,292991,-0.0011147883783411,-0.0255107537316235,4.298307607579175e-125,-0.0301724109626094,2.0754589247037014e-128,-0.0255107537316235,-0.0301724109626094,-0.0400199054100779,-0.0279912007308146,True,True,True,True,False,False
A_EAC_vs_TradCal,itemknn,sentiment_eac vs trad,ILD@K,500000,292991,0.0014770222222222,0.0696885462463807,0.0,0.0781806530958308,0.0,0.0696885462463807,0.0781806530958308,0.1119220845604852,0.0764972513836855,True,True,True,True,False,False
A_EAC_vs_TradCal,itemknn,sentiment_eac vs trad,Entropy,500000,292991,0.0040323322220195,0.0673818452853475,0.0,0.0751925126472594,0.0,0.0673818452853475,0.0751925126472594,0.108190568232261,0.0739627964753793,True,True,True,True,False,False
A_EAC_vs_TradCal,itemknn,sentiment_eac vs trad,ERR@K,500000,292991,0.0005066238048669,0.0312436510697422,3.536380531572124e-65,0.0384109402372088,1.326358242079597e-67,-0.0312436510697422,-0.0384109402372088,0.0500260084313202,0.0342826524342815,True,True,True,True,False,False
A_EAC_vs_TradCal,itemknn,sentiment_eac vs trad,TCI@K,500000,292991,-2.6705379178612753e-05,-0.0076911039095122,3.8613633271008426e-08,-0.0058339336498351,6.335683269490678e-11,0.0076911039095122,0.0058339336498351,-0.0123058580266037,-0.0084384122327513,True,True,True,True,False,False
A_EAC_vs_TradCal,itemknn,mv_eac vs trad,NDCG@K,500000,292991,-0.0020468636771424,-0.0251156051232064,1.1915060410139648e-83,-0.0303362968162881,3.831725179560395e-78,-0.0251156051232064,-0.0303362968162881,-0.0390290696239501,-0.0391323924888806,True,True,True,True,False,False
A_EAC_vs_TradCal,itemknn,mv_eac vs trad,ILD@K,500000,292991,0.0123037777777777,0.3706628130216681,0.0,0.4117711304858145,0.0,0.3706628130216681,0.4117711304858145,0.669044452581296,0.4235426059250171,True,True,True,True,True,True
A_EAC_vs_TradCal,itemknn,mv_eac vs trad,Entropy,500000,292991,0.0420791449140113,0.3692133049979614,0.0,0.4115111748551401,0.0,0.3692133049979614,0.4115111748551401,0.6657197802224837,0.4297805565327774,True,True,True,True,True,True
A_EAC_vs_TradCal,itemknn,mv_eac vs trad,ERR@K,500000,292991,-0.0013898594820753,-0.0497967177469316,0.0,-0.0584957508886057,0.0,0.0497967177469316,0.0584957508886057,-0.0798261957591219,-0.0436182927096698,True,True,True,True,False,False
A_EAC_vs_TradCal,itemknn,mv_eac vs trad,TCI@K,500000,292991,-0.0007921718447786,-0.2304964778953645,0.0,-0.2616443636263422,0.0,0.2304964778953645,0.2616443636263422,-0.3850810970682646,-0.2692426948801493,True,True,True,True,True,True
D_MV_vs_Original,itemknn,mv_eac vs original,NDCG@K,500000,292991,0.0354982977212554,0.1080718096359418,0.0,0.1156045143745013,0.0,0.1080718096359418,0.1156045143745013,0.0870567179399696,0.1237031467825775,True,True,True,True,True,True
D_MV_vs_Original,itemknn,mv_eac vs original,ILD@K,500000,292991,0.0304982666666666,0.4596524582202629,0.0,0.5100827387791304,0.0,0.4596524582202629,0.5100827387791304,0.8981567419631973,0.4596923596871068,True,True,True,True,True,True
D_MV_vs_Original,itemknn,mv_eac vs original,Entropy,500000,292991,0.1020307939033973,0.4885030608009503,0.0,0.5451999560952463,0.0,0.4885030608009503,0.5451999560952463,0.986436058634082,0.4885597069557683,True,True,True,True,True,True
D_MV_vs_Original,itemknn,mv_eac vs original,ERR@K,500000,292991,-0.0088038526450796,-0.2092222786485762,0.0,-0.2344441349623654,0.0,0.2092222786485762,0.2344441349623654,-0.3467913183143758,-0.2193254567072349,True,True,True,True,True,True
D_MV_vs_Original,itemknn,mv_eac vs original,TCI@K,500000,292991,-0.0053437636476349,-0.471131511987822,0.0,-0.5201489998234271,0.0,0.471131511987822,0.5201489998234271,-0.9322465192252374,-0.4616388041223535,True,True,True,True,True,True
E_Ablation_vs_MV,itemknn,no_category vs mv_eac,NDCG@K,500000,292991,0.002616629686742,0.0144416528978883,4.111375957820538e-180,0.0182988679224836,4.635440458845029e-155,0.0144416528978883,0.0182988679224836,0.0133791286257761,0.014306812432874,True,True,True,True,False,False
E_Ablation_vs_MV,itemknn,no_category vs mv_eac,ILD@K,500000,292991,-0.0195655555555555,-0.4509911809876299,0.0,-0.5084834306948068,0.0,-0.4509911809876299,-0.5084834306948068,-0.8732568725008935,-0.4527769482770764,True,True,True,True,True,True
E_Ablation_vs_MV,itemknn,no_category vs mv_eac,Entropy,500000,292991,-0.0684679676286729,-0.4681563124434508,0.0,-0.5275129068701488,0.0,-0.4681563124434508,-0.5275129068701488,-0.9232865156267124,-0.4694305569082862,True,True,True,True,True,True
E_Ablation_vs_MV,itemknn,no_category vs mv_eac,ERR@K,500000,292991,-0.0017258839410958,-0.0708163869869789,0.0,-0.0838079346545056,0.0,0.0708163869869789,0.0838079346545056,-0.1137475998854986,-0.0763383263163249,True,True,True,True,False,False
E_Ablation_vs_MV,itemknn,no_category vs mv_eac,TCI@K,500000,292991,-0.0001885717387766,-0.0818829613341208,0.0,-0.0939993901015823,0.0,0.0818829613341208,0.0939993901015823,-0.1316981479685492,-0.0851744674328562,True,True,True,True,False,False
E_Ablation_vs_MV,itemknn,no_entity vs mv_eac,NDCG@K,500000,292991,-0.0027095363552303,-0.0149179960031902,1.8479638403024723e-60,-0.0185421020835827,2.0532098333209396e-55,-0.0149179960031902,-0.0185421020835827,-0.0320065444909337,-0.0138861330956768,True,True,True,True,False,False
E_Ablation_vs_MV,itemknn,no_entity vs mv_eac,ILD@K,500000,292991,0.0039818666666666,0.266247538515974,0.0,0.3041957887595589,0.0,0.266247538515974,0.3041957887595589,0.4516825370843998,0.2783559864594144,True,True,True,True,True,True
E_Ablation_vs_MV,itemknn,no_entity vs mv_eac,Entropy,500000,292991,0.0162530158627229,0.2953010777726103,0.0,0.3360423958254466,0.0,0.2953010777726103,0.3360423958254466,0.5082956119578708,0.3058355030203072,True,True,True,True,True,True
E_Ablation_vs_MV,itemknn,no_entity vs mv_eac,ERR@K,500000,292991,-0.0007635993941917,-0.0253811190378009,1.2457960747600622e-183,-0.0262633468494074,1.698169938103893e-143,0.0253811190378009,0.0262633468494074,-0.0406286374051911,-0.0504992106106883,True,True,True,True,False,False
E_Ablation_vs_MV,itemknn,no_entity vs mv_eac,TCI@K,500000,292991,-0.000559443358939,-0.2288642793516663,0.0,-0.2653006411180211,0.0,0.2288642793516663,0.2653006411180211,-0.3821106984257958,-0.238427774535837,True,True,True,True,True,True
E_Ablation_vs_MV,itemknn,no_topic vs mv_eac,NDCG@K,500000,292991,-0.0135446243017728,-0.0528666948949287,8.557391571161317e-264,-0.0584452746717831,1.9351023267381302e-212,-0.0528666948949287,-0.0584452746717831,-0.0449320272550197,-0.0568750168509949,True,True,True,True,False,False
E_Ablation_vs_MV,itemknn,no_topic vs mv_eac,ILD@K,500000,292991,0.0028590666666666,0.1872407832488939,0.0,0.2182930573568452,0.0,0.1872407832488939,0.2182930573568452,0.3081168937597643,0.2043829414725246,True,True,True,True,True,True
E_Ablation_vs_MV,itemknn,no_topic vs mv_eac,Entropy,500000,292991,0.0078542257749662,0.1577973672108314,0.0,0.1830173834927908,0.0,0.1577973672108314,0.1830173834927908,0.2575164333895278,0.1855324237440746,True,True,True,True,True,True
E_Ablation_vs_MV,itemknn,no_topic vs mv_eac,ERR@K,500000,292991,0.0014421036987647,0.0448644710773766,3.463632269624322e-164,0.049955736519316,3.1204558897445224e-84,-0.0448644710773766,-0.049955736519316,0.0718933250502902,0.0684447506984668,True,True,True,True,False,False
E_Ablation_vs_MV,itemknn,no_topic vs mv_eac,TCI@K,500000,292991,0.0030453284184449,0.4955765512991798,0.0,0.5571492656241243,0.0,-0.4955765512991798,-0.5571492656241243,1.0094874638283886,0.4870890938011724,True,True,True,True,True,True
F_Sweep_vs_MV,itemknn,sweep w_topic=0.15 vs mv_eac,NDCG@K,500000,292991,-0.0054949484569407,-0.0350139725404906,2.995898974397663e-138,-0.0406548738166412,2.451440282886838e-112,-0.0350139725404906,-0.0406548738166412,-0.0256572153268709,-0.0395397682067528,True,True,True,True,False,False
F_Sweep_vs_MV,itemknn,sweep w_topic=0.15 vs mv_eac,ILD@K,500000,292991,0.0021027555555555,0.1683725242529222,0.0,0.1959095090190114,0.0,0.1683725242529222,0.1959095090190114,0.2755467874828212,0.1720249238100095,True,True,True,True,True,True
F_Sweep_vs_MV,itemknn,sweep w_topic=0.15 vs mv_eac,Entropy,500000,292991,0.0061203074732145,0.1471192157258573,0.0,0.1701909791536745,0.0,0.1471192157258573,0.1701909791536745,0.2394584878284645,0.1606670100338036,True,True,True,True,True,True
F_Sweep_vs_MV,itemknn,sweep w_topic=0.15 vs mv_eac,ERR@K,500000,292991,0.0004061551495449,0.0174927854130768,2.4507190061127408e-245,0.0173842310728296,9.604393515561815e-193,-0.0174927854130768,-0.0173842310728296,0.0279940556963923,0.0362556553744772,True,True,True,True,False,False
F_Sweep_vs_MV,itemknn,sweep w_topic=0.15 vs mv_eac,TCI@K,500000,292991,0.0008388991012209,0.32727396677469,0.0,0.3711420264679765,0.0,-0.32727396677469,-0.3711420264679765,0.5737333465793947,0.3320592724553675,True,True,True,True,True,True
F_Sweep_vs_MV,itemknn,sweep w_topic=0.50 vs mv_eac,NDCG@K,500000,292991,0.0017543680441373,0.0136752359757646,2.237688331591693e-36,0.0170917481293126,2.9274348038186636e-30,0.0136752359757646,0.0170917481293126,0.0012806470499635,0.0160018652847024,True,True,True,True,False,False
F_Sweep_vs_MV,itemknn,sweep w_topic=0.50 vs mv_eac,ILD@K,500000,292991,-0.0027751555555555,-0.1941824341755245,0.0,-0.2216941612710772,0.0,-0.1941824341755245,-0.2216941612710772,-0.3202401368818657,-0.1932543431376319,True,True,True,True,True,True
F_Sweep_vs_MV,itemknn,sweep w_topic=0.50 vs mv_eac,Entropy,500000,292991,-0.0098118083022418,-0.1932015828488649,0.0,-0.2195460296924213,0.0,-0.1932015828488649,-0.2195460296924213,-0.3185222717879952,-0.1931082889151368,True,True,True,True,True,True
F_Sweep_vs_MV,itemknn,sweep w_topic=0.50 vs mv_eac,ERR@K,500000,292991,-0.0005524735903153,-0.0271486991321097,1.0308444048110914e-27,-0.0298803775931684,3.336402690148144e-20,0.0271486991321097,0.0298803775931684,-0.0434612286038852,-0.0372894892056048,True,True,True,True,False,False
F_Sweep_vs_MV,itemknn,sweep w_topic=0.50 vs mv_eac,TCI@K,500000,292991,-0.000499043369634,-0.2660036106110179,0.0,-0.3045535641005914,0.0,0.2660036106110179,0.3045535641005914,-0.4512173538581213,-0.2695582317797901,True,True,True,True,True,True
F_Sweep_vs_MV,itemknn,sweep w_topic=0.70 vs mv_eac,NDCG@K,500000,292991,0.0019115187741115,0.0107677432258126,7.741877373579317e-27,0.0126876237641595,5.483971467550272e-20,0.0107677432258126,0.0126876237641595,-0.0049844422961797,0.0137445412407376,True,True,True,True,False,False
F_Sweep_vs_MV,itemknn,sweep w_topic=0.70 vs mv_eac,ILD@K,500000,292991,-0.0072731555555555,-0.2953184075693981,0.0,-0.3348891350852841,0.0,-0.2953184075693981,-0.3348891350852841,-0.5083301380245401,-0.2918808249718526,True,True,True,True,True,True
F_Sweep_vs_MV,itemknn,sweep w_topic=0.70 vs mv_eac,Entropy,500000,292991,-0.0257738912402182,-0.2954928910590986,0.0,-0.3341949466051453,0.0,-0.2954928910590986,-0.3341949466051453,-0.508677813944801,-0.291072789959698,True,True,True,True,True,True
F_Sweep_vs_MV,itemknn,sweep w_topic=0.70 vs mv_eac,ERR@K,500000,292991,-0.0009408379194863,-0.0352361481531218,2.881646820046617e-53,-0.0392566470744498,2.919911537546167e-34,0.0352361481531218,0.0392566470744498,-0.0564303256396675,-0.0477706113995073,True,True,True,True,False,False
F_Sweep_vs_MV,itemknn,sweep w_topic=0.70 vs mv_eac,TCI@K,500000,292991,-0.0009105851606639,-0.3636597970963593,0.0,-0.4167227714489801,0.0,0.3636597970963593,0.4167227714489801,-0.653078816724316,-0.3700212428122964,True,True,True,True,True,True
F_Sweep_vs_MV,itemknn,sweep w_topic=0.85 vs mv_eac,NDCG@K,500000,292991,0.0015070877026246,0.0073555467587168,1.0051101896795736e-25,0.0085685009092919,9.202060607659389e-19,0.0073555467587168,0.0085685009092919,-0.0090528276927056,0.0106249436898019,True,True,True,True,False,False
F_Sweep_vs_MV,itemknn,sweep w_topic=0.85 vs mv_eac,ILD@K,500000,292991,-0.0110279555555555,-0.3392157835321255,0.0,-0.3836128664347039,0.0,-0.3392157835321255,-0.3836128664347039,-0.5991500381076855,-0.3375999794616472,True,True,True,True,True,True
F_Sweep_vs_MV,itemknn,sweep w_topic=0.85 vs mv_eac,Entropy,500000,292991,-0.0385316889715738,-0.3435907177336426,0.0,-0.38820331253347,0.0,-0.3435907177336426,-0.38820331253347,-0.6086079298750834,-0.3408856546988388,True,True,True,True,True,True
F_Sweep_vs_MV,itemknn,sweep w_topic=0.85 vs mv_eac,ERR@K,500000,292991,-0.0011968666344495,-0.0400765314349782,1.079274671799586e-59,-0.0448232358118705,6.152876033645666e-38,0.0400765314349782,0.0448232358118705,-0.06420044001731,-0.0540228351853285,True,True,True,True,False,False
F_Sweep_vs_MV,itemknn,sweep w_topic=0.85 vs mv_eac,TCI@K,500000,292991,-0.0011016025795799,-0.3945927345311606,0.0,-0.452748621350928,0.0,0.3945927345311606,0.452748621350928,-0.7255486483391063,-0.4054775271116604,True,True,True,True,True,True
F_Sweep_vs_MV,itemknn,sweep w_topic=1.00 vs mv_eac,NDCG@K,500000,292991,2.3084968215257048e-05,9.593386842473984e-05,1.785695486065237e-18,-0.0006827406056755,2.816931276647223e-10,9.593386842473984e-05,-0.0006827406056755,-0.0179423827427681,0.0024252647926508,True,True,True,True,False,False
F_Sweep_vs_MV,itemknn,sweep w_topic=1.00 vs mv_eac,ILD@K,500000,292991,-0.0159698666666666,-0.3782430083347538,0.0,-0.4267827411157342,0.0,-0.3782430083347538,-0.4267827411157342,-0.6866066732282606,-0.3772841021618901,True,True,True,True,True,True
F_Sweep_vs_MV,itemknn,sweep w_topic=1.00 vs mv_eac,Entropy,500000,292991,-0.0547570412278315,-0.39112829616283,0.0,-0.4408532672815376,0.0,-0.39112829616283,-0.4408532672815376,-0.7171703810549527,-0.3894759182394928,True,True,True,True,True,True
F_Sweep_vs_MV,itemknn,sweep w_topic=1.00 vs mv_eac,ERR@K,500000,292991,-0.0016667263300313,-0.0495603617122221,8.740008837442624e-35,-0.0552518821136821,1.0538480448019524e-16,0.0495603617122221,0.0552518821136821,-0.0794458465801481,-0.0743906916667256,True,True,True,True,False,False
F_Sweep_vs_MV,itemknn,sweep w_topic=1.00 vs mv_eac,TCI@K,500000,292991,-0.0012162436976406,-0.4101321869512185,0.0,-0.4698712075896149,0.0,0.4101321869512185,0.4698712075896149,-0.764027227961986,-0.423273372277339,True,True,True,True,True,True
G_MV_vs_SingleView,itemknn,mv_eac vs topic_eac,NDCG@K,500000,292991,-0.0004409010464634,-0.001835910727824,2.8131810275777975e-23,-0.0014981198461912,6.743832723048518e-14,-0.001835910727824,-0.0014981198461912,0.0148331894419735,-0.0044332551320894,True,True,True,True,False,False
G_MV_vs_SingleView,itemknn,mv_eac vs topic_eac,ILD@K,500000,292991,0.0159897333333333,0.3812437581853144,0.0,0.4300743838497997,0.0,0.3812437581853144,0.4300743838497997,0.6936426830689403,0.3806127327633586,True,True,True,True,True,True
G_MV_vs_SingleView,itemknn,mv_eac vs topic_eac,Entropy,500000,292991,0.0551257359043158,0.393808168450837,0.0,0.4440233682252662,0.0,0.393808168450837,0.4440233682252662,0.7236451147275137,0.3925586955592609,True,True,True,True,True,True
G_MV_vs_SingleView,itemknn,mv_eac vs topic_eac,ERR@K,500000,292991,0.0017315104694396,0.0514245263528713,1.2399006971821767e-31,0.0573395541839405,1.6952889962216652e-14,-0.0514245263528713,-0.0573395541839405,0.0824462767260655,0.0754841654857906,True,True,True,True,False,False
G_MV_vs_SingleView,itemknn,mv_eac vs topic_eac,TCI@K,500000,292991,0.0011387047855887,0.3903997755867796,0.0,0.4473770466822657,0.0,-0.3903997755867796,-0.4473770466822657,0.7154174496019711,0.4000800568184388,True,True,True,True,True,True
G_MV_vs_SingleView,itemknn,mv_eac vs entity_eac,NDCG@K,500000,292991,0.0227846125386221,0.0783085740136693,0.0,0.0849454315462965,0.0,0.0783085740136693,0.0849454315462965,0.0380006569906924,0.0895378554213339,True,True,True,True,False,False
G_MV_vs_SingleView,itemknn,mv_eac vs entity_eac,ILD@K,500000,292991,0.0306321333333333,0.4939095803176656,0.0,0.5553385936886069,0.0,0.4939095803176656,0.5553385936886069,1.0040004553082251,0.4962519695246399,True,True,True,True,True,True
G_MV_vs_SingleView,itemknn,mv_eac vs entity_eac,Entropy,500000,292991,0.1048016316139212,0.517122148308757,0.0,0.5808900364203984,0.0,0.517122148308757,0.5808900364203984,1.083692249844884,0.520542861834923,True,True,True,True,True,True
G_MV_vs_SingleView,itemknn,mv_eac vs entity_eac,ERR@K,500000,292991,0.005786499276183,0.1559971784338641,0.0,0.1840441100676426,0.0,-0.1559971784338641,-0.1840441100676426,0.2544620171139302,0.1429474564965284,True,True,True,True,True,True
G_MV_vs_SingleView,itemknn,mv_eac vs entity_eac,TCI@K,500000,292991,-0.004802852823003,-0.5065527299628799,0.0,-0.5695584232963071,0.0,0.5065527299628799,0.5695584232963071,-1.0465007872083547,-0.5062061674656728,True,True,True,True,True,True
G_MV_vs_SingleView,itemknn,mv_eac vs category_eac,NDCG@K,500000,292991,0.0193880779771179,0.0648741201033987,0.0,0.0728368648233838,0.0,0.0648741201033987,0.0728368648233838,0.063954497131928,0.0725962438723946,True,True,True,True,False,False
G_MV_vs_SingleView,itemknn,mv_eac vs category_eac,ILD@K,500000,292991,-0.0050916444444444,-0.2907769322791786,0.0,-0.321471061317796,0.0,-0.2907769322791786,-0.321471061317796,-0.4993146186955671,-0.2699597690437035,True,True,True,True,True,True
G_MV_vs_SingleView,itemknn,mv_eac vs category_eac,Entropy,500000,292991,-0.0174496001132984,-0.2905197454772467,0.0,-0.3192359834590693,0.0,-0.2905197454772467,-0.3192359834590693,-0.4988059935779071,-0.2744243007000063,True,True,True,True,True,True
G_MV_vs_SingleView,itemknn,mv_eac vs category_eac,ERR@K,500000,292991,-0.0068832746527409,-0.1807356474041761,0.0,-0.208287146500957,0.0,0.1807356474041761,0.208287146500957,-0.2968266474190399,-0.1789288876287863,True,True,True,True,True,True
G_MV_vs_SingleView,itemknn,mv_eac vs category_eac,TCI@K,500000,292991,-0.0030531172946347,-0.4583877948254936,0.0,-0.5131063940913748,0.0,0.4583877948254936,0.5131063940913748,-0.8944783577954318,-0.452151081320943,True,True,True,True,True,True
H_SentimentAddBack,itemknn,mv4 vs mv_eac,NDCG@K,500000,292991,-0.0058832965235883,-0.0279791562560117,0.0,-0.0336270103356324,0.0,-0.0279791562560117,-0.0336270103356324,-0.0310538551607665,-0.0306404092555263,True,True,True,True,False,False
H_SentimentAddBack,itemknn,mv4 vs mv_eac,ILD@K,500000,292991,-9.791111111111108e-05,-0.0086102801557494,1.617966931206637e-11,-0.0083426173887719,3.76225565225093e-10,-0.0086102801557494,-0.0083426173887719,-0.013776711998765,-0.0135058948358077,True,True,True,True,False,False
H_SentimentAddBack,itemknn,mv4 vs mv_eac,Entropy,500000,292991,-0.0008380207113916,-0.0226650653331526,5.847240787240113e-38,-0.0241479982528767,1.9108713203318397e-35,-0.0226650653331526,-0.0241479982528767,-0.0362772390207783,-0.0280146593841892,True,True,True,True,False,False
H_SentimentAddBack,itemknn,mv4 vs mv_eac,ERR@K,500000,292991,0.0017167809150494,0.0639262400804384,1.1541613546004134e-187,0.0742863115222709,6.08350623375257e-189,-0.0639262400804384,-0.0742863115222709,0.1026055690118507,0.0681436812092222,True,True,True,True,False,False
H_SentimentAddBack,itemknn,mv4 vs mv_eac,TCI@K,500000,292991,0.0002938105790641,0.1425621541111162,0.0,0.1627880687102839,0.0,-0.1425621541111162,-0.1627880687102839,0.2317943386618182,0.1444271210991843,True,True,True,True,True,True
B_MCF_vs_TradCal,itemknn,mcf_category vs trad,NDCG@K,500000,292991,0.0037692759959285,0.0279420098148925,9.136338866627808e-133,0.0334313117627953,1.0095027611210973e-111,0.0279420098148925,0.0334313117627953,0.0432434351070211,0.0418161404108276,True,True,True,True,False,False
B_MCF_vs_TradCal,itemknn,mcf_category vs trad,ILD@K,500000,292991,-1.777777777777776e-07,-0.0023094049257776,0.1088094300405456,-0.0031683623227836,0.1088094300405456,-0.0023094049257776,-0.0031683623227836,-0.0036949203344389,-0.0025337850264183,False,False,False,False,False,False
B_MCF_vs_TradCal,itemknn,mcf_category vs trad,Entropy,500000,292991,-7.271269879190139e-07,-0.0021566667550052,0.9171509810638528,-0.0028970327879835,0.5942293008383297,-0.0021566667550052,-0.0028970327879835,-0.0034505458611016,-0.0023662067617721,False,False,False,False,False,False
B_MCF_vs_TradCal,itemknn,mcf_category vs trad,ERR@K,500000,292991,3.6457200616713576e-05,0.0020868172934825,0.0138592403968711,0.0015975235192711,0.0145153541334508,-0.0020868172934825,-0.0015975235192711,0.0033387898680289,-0.0012263095920616,True,False,True,False,False,False
B_MCF_vs_TradCal,itemknn,mcf_category vs trad,TCI@K,500000,292991,1.1297334988262458e-05,0.0053149249531575,0.0091573270127127,0.0061065743472897,0.0593219624182502,-0.0053149249531575,-0.0061065743472897,0.0085037383636791,0.0003740000751361,True,False,True,False,False,False
C_EAC_vs_MCF,itemknn,category_eac vs mcf,NDCG@K,500000,292991,-0.0091486714736872,-0.0593215040637919,1.3410177746040711e-238,-0.0686429509010546,2.309722423227385e-202,-0.0593215040637919,-0.0686429509010546,-0.0988954013962772,-0.0782399415457169,True,True,True,True,False,False
C_EAC_vs_MCF,itemknn,category_eac vs mcf,ILD@K,500000,292991,0.0180576444444444,0.463231482765524,0.0,0.4996864091185853,0.0,0.463231482765524,0.4996864091185853,0.9086481699690993,0.5197274754372686,True,True,True,True,True,True
C_EAC_vs_MCF,itemknn,category_eac vs mcf,Entropy,500000,292991,0.0604039204897273,0.4745450692279527,0.0,0.5149351704319899,0.0,0.4745450692279527,0.5149351704319899,0.9426380896056202,0.5330237011548532,True,True,True,True,True,True
C_EAC_vs_MCF,itemknn,category_eac vs mcf,ERR@K,500000,292991,0.002120923931579,0.0701621790147885,0.0,0.0780311216293809,0.0,-0.0701621790147885,-0.0780311216293809,0.1126886202874761,0.0960426009884939,True,True,True,True,False,False
C_EAC_vs_MCF,itemknn,category_eac vs mcf,TCI@K,500000,292991,-0.0008172684922445,-0.1714800851015109,0.0,-0.1966387066515325,0.0,0.1714800851015109,0.1966387066515325,-0.2808745614041185,-0.2079518907263297,True,True,True,True,True,True
B_MCF_vs_TradCal,itemknn,mcf_topic vs trad,NDCG@K,500000,292991,-0.0183469798805088,-0.0610355875260364,0.0,-0.0627763223901474,0.0,-0.0610355875260364,-0.0627763223901474,-0.0229830163858462,-0.0682964575051978,True,True,True,True,False,False
B_MCF_vs_TradCal,itemknn,mcf_topic vs trad,ILD@K,500000,292991,-0.0106290666666666,-0.2363049827173377,0.0,-0.2655465028957059,0.0,-0.2363049827173377,-0.2655465028957059,-0.3956985585459402,-0.2319075256398909,True,True,True,True,True,True
B_MCF_vs_TradCal,itemknn,mcf_topic vs trad,Entropy,500000,292991,-0.0373781909263465,-0.2780400079814518,0.0,-0.3140776452986472,0.0,-0.2780400079814518,-0.3140776452986472,-0.4743655278237159,-0.2747505988857895,True,True,True,True,True,True
B_MCF_vs_TradCal,itemknn,mcf_topic vs trad,ERR@K,500000,292991,0.0056815427049515,0.145600189221927,0.0,0.1620556147625541,0.0,-0.145600189221927,-0.1620556147625541,0.2369010366313155,0.1541789889274012,True,True,True,True,True,True
B_MCF_vs_TradCal,itemknn,mcf_topic vs trad,TCI@K,500000,292991,0.0042934541627814,0.5210472717704653,0.0,0.5766104281346626,0.0,-0.5210472717704653,-0.5766104281346626,1.0979204740052442,0.5145948172485554,True,True,True,True,True,True
C_EAC_vs_MCF,itemknn,topic_eac vs mcf,NDCG@K,500000,292991,0.0147686802006678,0.0479427938698618,0.0,0.0476313167752441,6.404664059855397e-262,0.0479427938698618,0.0476313167752441,-0.0010438412844249,0.0523697382264497,True,True,True,True,False,False
C_EAC_vs_MCF,itemknn,topic_eac vs mcf,ILD@K,500000,292991,0.0130587111111111,0.2652564827239965,0.0,0.2998548424645046,0.0,0.2652564827239965,0.2998548424645046,0.449793528730717,0.2681972294685423,True,True,True,True,True,True
C_EAC_vs_MCF,itemknn,topic_eac vs mcf,Entropy,500000,292991,0.0467759217055553,0.3193714180528371,0.0,0.3620533899158236,0.0,0.3193714180528371,0.3620533899158236,0.5572197899122047,0.3255051199892386,True,True,True,True,True,True
C_EAC_vs_MCF,itemknn,topic_eac vs mcf,ERR@K,500000,292991,-0.0056051173669722,-0.1376571484248127,0.0,-0.1541093853099505,0.0,0.1376571484248127,0.1541093853099505,-0.2235718323526086,-0.1434113112504116,True,True,True,True,True,True
C_EAC_vs_MCF,itemknn,topic_eac vs mcf,TCI@K,500000,292991,-0.0054177085797694,-0.587381199519422,0.0,-0.6548525075986058,0.0,0.587381199519422,0.6548525075986058,-1.382859855026316,-0.591023069669531,True,True,True,True,True,True
B_MCF_vs_TradCal,itemknn,mcf_entity vs trad,NDCG@K,500000,292991,-0.0067070645561042,-0.0239527338785319,3.5176476898934797e-124,-0.023226945022181,3.386013607358819e-74,-0.0239527338785319,-0.023226945022181,-0.0342343579938137,-0.0363757837328025,True,True,True,True,False,False
B_MCF_vs_TradCal,itemknn,mcf_entity vs trad,ILD@K,500000,292991,0.0037499555555555,0.078891654585939,0.0,0.0819568874448658,0.0,0.078891654585939,0.0819568874448658,0.1268389499971008,0.0643802774160154,True,True,True,True,False,False
B_MCF_vs_TradCal,itemknn,mcf_entity vs trad,Entropy,500000,292991,0.0121046687545883,0.0956992904426469,0.0,0.1029725661044885,0.0,0.0956992904426469,0.1029725661044885,0.1542184345977422,0.0775030185588706,True,True,True,True,False,True
B_MCF_vs_TradCal,itemknn,mcf_entity vs trad,ERR@K,500000,292991,0.0037491079321194,0.1110867620061128,0.0,0.1315629786082655,0.0,-0.1110867620061128,-0.1315629786082655,0.1794675793350736,0.1056703309148458,True,True,True,True,True,True
B_MCF_vs_TradCal,itemknn,mcf_entity vs trad,TCI@K,500000,292991,-0.0001738605391113,-0.0228590132689145,1.4517222479074517e-144,-0.0198455531544095,5.300904682759198e-109,0.0228590132689145,0.0198455531544095,-0.0365879202599452,0.0069396538909921,True,True,True,True,False,False
C_EAC_vs_MCF,itemknn,entity_eac vs mcf,NDCG@K,500000,292991,0.011046942542748,0.0379748859247451,0.0,0.0387833124689696,2.522001815386355e-276,0.0379748859247451,0.0387833124689696,0.0520385071889309,0.0477919152114385,True,True,True,True,False,False
C_EAC_vs_MCF,itemknn,entity_eac vs mcf,ILD@K,500000,292991,0.0026587111111111,0.0518382155222027,1.129761264231586e-168,0.0654993178176909,5.23553967141445e-150,0.0518382155222027,0.0654993178176909,0.0831123036544972,0.0507553518829361,True,True,True,True,False,False
C_EAC_vs_MCF,itemknn,entity_eac vs mcf,Entropy,500000,292991,0.0045928999588026,0.0330064319246144,8.373923284322477e-76,0.0421977042455979,3.5766240632233014e-69,0.0330064319246144,0.0421977042455979,0.0528531742571011,0.0307326713032116,True,True,True,True,False,False
C_EAC_vs_MCF,itemknn,entity_eac vs mcf,ERR@K,500000,292991,-0.0168720658223332,-0.3838811589792319,0.0,-0.4391975059263131,0.0,0.3838811589792319,0.4391975059263131,-0.6998670579888719,-0.3787318759307342,True,True,True,True,True,True
C_EAC_vs_MCF,itemknn,entity_eac vs mcf,TCI@K,500000,292991,-0.0005309975743026,-0.0624320095983789,2.0892704677351898e-238,-0.0750861369523356,2.1486386806280015e-220,0.0624320095983789,0.0750861369523356,-0.1001923895102925,-0.0772035032980632,True,True,True,True,False,False
B_MCF_vs_TradCal,itemknn,mcf_sentiment vs trad,NDCG@K,500000,292991,0.0039036650121992,0.0311596733492093,0.0,0.032644533886881,0.0,0.0311596733492093,0.032644533886881,0.0503094477681841,0.0475042041526512,True,True,True,True,False,False
B_MCF_vs_TradCal,itemknn,mcf_sentiment vs trad,ILD@K,500000,292991,-7.862222222222224e-05,-0.0043943062898126,0.0058181664851956,-0.0049197381472929,0.0158578244040828,-0.0043943062898126,-0.0049197381472929,-0.0070307240081878,0.0003103230404255,True,False,True,False,False,False
B_MCF_vs_TradCal,itemknn,mcf_sentiment vs trad,Entropy,500000,292991,-0.0001685537691368,-0.0031765252384264,0.0487716390785143,-0.0039929795123112,0.0886868951104248,-0.0031765252384264,-0.0039929795123112,-0.005082283799624,0.0001165265365524,True,False,False,False,False,False
B_MCF_vs_TradCal,itemknn,mcf_sentiment vs trad,ERR@K,500000,292991,1.8053702753943168e-05,0.0010356032238673,0.066812063977796,0.0012061614106052,0.056700221318129,-0.0010356032238673,-0.0012061614106052,0.0016569024564861,-6.335225671477624e-05,False,False,False,False,False,False
B_MCF_vs_TradCal,itemknn,mcf_sentiment vs trad,TCI@K,500000,292991,2.2300820618634067e-05,0.0075268258759252,2.9575684290370514e-07,0.0071360841614043,2.5121289880847715e-05,-0.0075268258759252,-0.0071360841614043,0.0120429877297857,-0.0017141845387573,True,True,True,True,False,False
C_EAC_vs_MCF,itemknn,sentiment_eac vs mcf,NDCG@K,500000,292991,-0.0050184533905404,-0.0371973397176222,0.0,-0.0400189691037827,0.0,-0.0371973397176222,-0.0400189691037827,-0.0611640513379891,-0.053414026844009,True,True,True,True,False,False
C_EAC_vs_MCF,itemknn,sentiment_eac vs mcf,ILD@K,500000,292991,0.0015556444444444,0.056095063711741,0.0,0.0624584062172027,9.82247510085814e-306,0.056095063711741,0.0624584062172027,0.0899696965551536,0.076494346844579,True,True,True,True,False,False
C_EAC_vs_MCF,itemknn,sentiment_eac vs mcf,Entropy,500000,292991,0.0042008859911564,0.0525306439055204,0.0,0.0582373411732309,1.2437768878649464e-279,0.0525306439055204,0.0582373411732309,0.0842272426740141,0.0739616163090279,True,True,True,True,False,False
C_EAC_vs_MCF,itemknn,sentiment_eac vs mcf,ERR@K,500000,292991,0.0004885701021129,0.0205204981732842,2.2884697544796984e-37,0.0247788267968767,3.8992207070599724e-39,-0.0205204981732842,-0.0247788267968767,0.0328423147461708,0.0342826391839327,True,True,True,True,False,False
C_EAC_vs_MCF,itemknn,sentiment_eac vs mcf,TCI@K,500000,292991,-4.900619979724682e-05,-0.0107365962477067,0.0763551461915812,-0.0090731683386243,0.0008233870141548,0.0107365962477067,0.0090731683386243,-0.0171794341274157,-0.0084264207269327,False,False,False,True,False,False
A_EAC_vs_TradCal,nrms,topic_eac vs trad,NDCG@K,500000,292991,0.0073779637683477,0.0475372047840596,0.0,0.0516560389635362,0.0,0.0475372047840596,0.0516560389635362,0.0330745818456161,0.0535705283906649,True,True,True,True,False,False
A_EAC_vs_TradCal,nrms,topic_eac vs trad,ILD@K,500000,292991,0.0004081333333333,0.0140348211783935,1.4561867755911017e-36,0.0165944947400254,1.6287351169657315e-34,0.0140348211783935,0.0165944947400254,0.0224582957268023,0.0176429609820198,True,True,True,True,False,False
A_EAC_vs_TradCal,nrms,topic_eac vs trad,Entropy,500000,292991,0.0018915166768535,0.0229652191855076,3.676061143129874e-74,0.0269405898996202,1.920815746258888e-67,0.0229652191855076,0.0269405898996202,0.0367580520795993,0.02698025828853,True,True,True,True,False,False
A_EAC_vs_TradCal,nrms,topic_eac vs trad,ERR@K,500000,292991,-0.0001102178491656,-0.0050608309561913,0.0273423168574198,-0.00737459540358,0.3993370168590354,0.0050608309561913,0.00737459540358,-0.008097178086445,-0.0109470690202923,True,False,True,False,False,False
A_EAC_vs_TradCal,nrms,topic_eac vs trad,TCI@K,500000,292991,-0.0007627372002162,-0.2396373959834513,0.0,-0.2702849456408562,0.0,0.2396373959834513,0.2702849456408562,-0.4018235992230208,-0.262921790543119,True,True,True,True,True,True
A_EAC_vs_TradCal,nrms,entity_eac vs trad,NDCG@K,500000,292991,0.0007020692143373,0.0085314085896899,0.0,0.0082839224196121,1.2855431230751147e-300,0.0085314085896899,0.0082839224196121,0.0080615463901048,-0.0091109514159817,True,True,True,True,False,False
A_EAC_vs_TradCal,nrms,entity_eac vs trad,ILD@K,500000,292991,0.0059098222222222,0.1518609017376078,0.0,0.1721110732450789,0.0,0.1518609017376078,0.1721110732450789,0.2474596154354728,0.1323225485515548,True,True,True,True,True,True
A_EAC_vs_TradCal,nrms,entity_eac vs trad,Entropy,500000,292991,0.0149632276459404,0.1544625194811867,0.0,0.175080487465548,0.0,0.1544625194811867,0.175080487465548,0.2518614250596691,0.1288332615530973,True,True,True,True,True,True
A_EAC_vs_TradCal,nrms,entity_eac vs trad,ERR@K,500000,292991,-0.0102852271543166,-0.335839738749747,0.0,-0.3841474286581681,0.0,0.335839738749747,0.3841474286581681,-0.591906183449188,-0.3131060745757242,True,True,True,True,True,True
A_EAC_vs_TradCal,nrms,entity_eac vs trad,TCI@K,500000,292991,-0.0008054735639886,-0.130862755357384,0.0,-0.1484242412478729,0.0,0.130862755357384,0.1484242412478729,-0.2122259747476423,-0.1203725482221085,True,True,True,True,True,True
A_EAC_vs_TradCal,nrms,category_eac vs trad,NDCG@K,500000,292991,-0.0005045161428519,-0.0086421260042758,2.7766328779528276e-20,-0.0074324826101016,3.953270407859913e-27,-0.0086421260042758,-0.0074324826101016,-0.0230544821473428,-0.0096103670656261,True,True,True,True,False,False
A_EAC_vs_TradCal,nrms,category_eac vs trad,ILD@K,500000,292991,0.0130314222222222,0.3996848867853448,0.0,0.4336890995051793,0.0,0.3996848867853448,0.4336890995051793,0.737992821092369,0.4458336979557954,True,True,True,True,True,True
A_EAC_vs_TradCal,nrms,category_eac vs trad,Entropy,500000,292991,0.0404661160657882,0.4116452842226526,0.0,0.4477241240565814,0.0,0.4116452842226526,0.4477241240565814,0.7678561135041317,0.4596450204493558,True,True,True,True,True,True
A_EAC_vs_TradCal,nrms,category_eac vs trad,ERR@K,500000,292991,-0.0006861094108652,-0.0325952238999487,1.2767286367658092e-10,-0.0431285252259982,1.6050941661400666e-17,0.0325952238999487,0.0431285252259982,-0.0521936072176376,-0.0359333151603804,True,True,True,True,False,False
A_EAC_vs_TradCal,nrms,category_eac vs trad,TCI@K,500000,292991,-0.0002870750138772,-0.0740956064400099,0.0,-0.0925908369389044,0.0,0.0740956064400099,0.0925908369389044,-0.1190592703305291,-0.0813568460573569,True,True,True,True,False,False
A_EAC_vs_TradCal,nrms,sentiment_eac vs trad,NDCG@K,500000,292991,-0.0006145987882959,-0.0148784675587736,1.3619483017837337e-15,-0.0137836067088964,1.3552693692819592e-19,-0.0148784675587736,-0.0137836067088964,-0.0255044911249487,-0.0163244079268403,True,True,True,True,False,False
A_EAC_vs_TradCal,nrms,sentiment_eac vs trad,ILD@K,500000,292991,0.0009453333333333,0.0408885665815494,1.4383961166498809e-226,0.0508733898710535,7.624807482363821e-221,0.0408885665815494,0.0508733898710535,0.0655046438352575,0.0448688886790557,True,True,True,True,False,False
A_EAC_vs_TradCal,nrms,sentiment_eac vs trad,Entropy,500000,292991,0.0035830282458357,0.0583294828406359,0.0,0.0696877457971092,0.0,0.0583294828406359,0.0696877457971092,0.0935721868046803,0.0640188925942331,True,True,True,True,False,False
A_EAC_vs_TradCal,nrms,sentiment_eac vs trad,ERR@K,500000,292991,-3.0877136359747982e-06,-0.0002054596890565,0.2735489461308734,-4.322643706188869e-05,0.1447619641721803,0.0002054596890565,4.322643706188869e-05,-0.0003287227985832,-0.0002254218812932,False,False,False,False,False,False
A_EAC_vs_TradCal,nrms,sentiment_eac vs trad,TCI@K,500000,292991,0.0001572102504617,0.0449831836126099,1.1546406341015194e-261,0.0479448003457111,1.4085321953060576e-232,-0.0449831836126099,-0.0479448003457111,0.0720841581471321,0.0493638676077586,True,True,True,True,False,False
A_EAC_vs_TradCal,nrms,mv_eac vs trad,NDCG@K,500000,292991,0.0028413445187178,0.0188364799271104,1.1779169965057307e-177,0.0193320017299452,1.0029291613941664e-125,0.0188364799271104,0.0193320017299452,-0.0016700968350898,0.0163653228089348,True,True,True,True,False,False
A_EAC_vs_TradCal,nrms,mv_eac vs trad,ILD@K,500000,292991,0.0133030222222222,0.3562233981055937,0.0,0.3952551681201501,0.0,0.3562233981055937,0.3952551681201501,0.6363854014668284,0.4107777894981925,True,True,True,True,True,True
A_EAC_vs_TradCal,nrms,mv_eac vs trad,Entropy,500000,292991,0.039842568199192,0.3528187224117075,0.0,0.3907838969411445,0.0,0.3528187224117075,0.3907838969411445,0.6288286637161404,0.4238980143002057,True,True,True,True,True,True
A_EAC_vs_TradCal,nrms,mv_eac vs trad,ERR@K,500000,292991,-0.003486239814146,-0.1348050974435754,0.0,-0.1554007120331525,0.0,0.1348050974435754,0.1554007120331525,-0.2188031559599604,-0.1417476156827067,True,True,True,True,True,True
A_EAC_vs_TradCal,nrms,mv_eac vs trad,TCI@K,500000,292991,-0.0010946866282733,-0.2321964553624238,0.0,-0.2630564362167566,0.0,0.2321964553624238,0.2630564362167566,-0.388180913567079,-0.2764745620729728,True,True,True,True,True,True
D_MV_vs_Original,nrms,mv_eac vs original,NDCG@K,500000,292991,-0.0050294683341704,-0.0189485357757818,4.1658829967002145e-93,-0.0214122319327367,4.073420061221972e-73,-0.0189485357757818,-0.0214122319327367,-0.0484364093428736,-0.0332222196851357,True,True,True,True,False,False
D_MV_vs_Original,nrms,mv_eac vs original,ILD@K,500000,292991,0.0321696,0.4147204242551606,0.0,0.4673258611522254,0.0,0.4147204242551606,0.4673258611522254,0.7756847429877701,0.4125082538018156,True,True,True,True,True,True
D_MV_vs_Original,nrms,mv_eac vs original,Entropy,500000,292991,0.0974763075254929,0.468642915593621,0.0,0.526233668500395,0.0,0.468642915593621,0.526233668500395,0.924745858668558,0.4690988262076551,True,True,True,True,True,True
D_MV_vs_Original,nrms,mv_eac vs original,ERR@K,500000,292991,-0.0054165750676408,-0.1494520888386109,0.0,-0.1724907567361118,0.0,0.1494520888386109,0.1724907567361118,-0.2433915451514176,-0.1427766559789133,True,True,True,True,True,True
D_MV_vs_Original,nrms,mv_eac vs original,TCI@K,500000,292991,-0.0050850386346596,-0.4193920277262871,0.0,-0.4708868774863489,0.0,0.4193920277262871,0.4708868774863489,-0.7877007438741694,-0.4052488268692931,True,True,True,True,True,True
E_Ablation_vs_MV,nrms,no_category vs mv_eac,NDCG@K,500000,292991,0.0035588392767284,0.0205321716646569,7.609031668418446e-189,0.0249909378390502,2.0598376013995277e-153,0.0205321716646569,0.0249909378390502,0.0195234889712436,0.022034921855586,True,True,True,True,False,False
E_Ablation_vs_MV,nrms,no_category vs mv_eac,ILD@K,500000,292991,-0.0186262666666666,-0.4286826639752462,0.0,-0.4820798187146298,0.0,-0.4286826639752462,-0.4820798187146298,-0.8120565182031365,-0.4295669745124985,True,True,True,True,True,True
E_Ablation_vs_MV,nrms,no_category vs mv_eac,Entropy,500000,292991,-0.060885806876564,-0.4479835536808669,0.0,-0.5025250122318332,0.0,-0.4479835536808669,-0.5025250122318332,-0.8647664175874935,-0.4502292942565987,True,True,True,True,True,True
E_Ablation_vs_MV,nrms,no_category vs mv_eac,ERR@K,500000,292991,-0.0016975966002373,-0.0757641804533695,0.0,-0.0894760923574628,0.0,0.0757641804533695,0.0894760923574628,-0.1217643438447598,-0.0757173580286478,True,True,True,True,False,False
E_Ablation_vs_MV,nrms,no_category vs mv_eac,TCI@K,500000,292991,-0.0002835798213642,-0.0973850944714487,0.0,-0.1163181818527056,0.0,0.0973850944714487,0.1163181818527056,-0.1569755234347001,-0.0916922979483758,True,True,True,True,False,True
E_Ablation_vs_MV,nrms,no_entity vs mv_eac,NDCG@K,500000,292991,-0.0058192798079079,-0.0386750096874292,0.0,-0.0451818635862903,0.0,-0.0386750096874292,-0.0451818635862903,-0.0545977818912678,-0.0418002735748934,True,True,True,True,False,False
E_Ablation_vs_MV,nrms,no_entity vs mv_eac,ILD@K,500000,292991,0.0073697777777777,0.3567497154049501,0.0,0.4057630133010854,0.0,0.3567497154049501,0.4057630133010854,0.637558332007682,0.3712183103803753,True,True,True,True,True,True
E_Ablation_vs_MV,nrms,no_entity vs mv_eac,Entropy,500000,292991,0.0281435100989089,0.3814042831011987,0.0,0.4330169910769114,0.0,0.3814042831011987,0.4330169910769114,0.6940204428534326,0.3950691873885847,True,True,True,True,True,True
E_Ablation_vs_MV,nrms,no_entity vs mv_eac,ERR@K,500000,292991,0.002818116892818,0.1165920844680462,0.0,0.1369554389551388,0.0,-0.1165920844680462,-0.1369554389551388,0.1885498024659599,0.1071380808173247,True,True,True,True,True,True
E_Ablation_vs_MV,nrms,no_entity vs mv_eac,TCI@K,500000,292991,-0.0009435479265285,-0.2938502729988608,0.0,-0.3384138994812388,0.0,0.2938502729988608,0.3384138994812388,-0.5054085646362985,-0.3045506795026815,True,True,True,True,True,True
E_Ablation_vs_MV,nrms,no_topic vs mv_eac,NDCG@K,500000,292991,-0.0067643842750388,-0.0317491290091125,1.0797661880740026e-127,-0.0349533007755526,3.08245866764597e-99,-0.0317491290091125,-0.0349533007755526,-0.0221380146882865,-0.0311534190726046,True,True,True,True,False,False
E_Ablation_vs_MV,nrms,no_topic vs mv_eac,ILD@K,500000,292991,0.0018644444444444,0.1107475263275796,0.0,0.1337429972583696,0.0,0.1107475263275796,0.1337429972583696,0.1789088168479812,0.1135540998718463,True,True,True,True,True,True
E_Ablation_vs_MV,nrms,no_topic vs mv_eac,Entropy,500000,292991,0.0067093607742045,0.1322920666866671,0.0,0.1553670246466321,0.0,0.1322920666866671,0.1553670246466321,0.2146086449741907,0.1446302400788203,True,True,True,True,True,True
E_Ablation_vs_MV,nrms,no_topic vs mv_eac,ERR@K,500000,292991,-0.0001504860121269,-0.0063349218029367,3.7988404965043566e-260,-0.0072921186427706,7.962238764175425e-199,0.0063349218029367,0.0072921186427706,-0.0101358000939148,0.0130390527466349,True,True,True,True,False,False
E_Ablation_vs_MV,nrms,no_topic vs mv_eac,TCI@K,500000,292991,0.0026032469791076,0.4376578617635626,0.0,0.4951732535173178,0.0,-0.4376578617635626,-0.4951732535173178,0.8361972763361408,0.4190566248405297,True,True,True,True,True,True
F_Sweep_vs_MV,nrms,sweep w_topic=0.15 vs mv_eac,NDCG@K,500000,292991,-0.0015760633168775,-0.0118378002264546,7.541784946471214e-26,-0.0127952628544169,6.780892934565351e-16,-0.0118378002264546,-0.0127952628544169,-0.0025004995288972,-0.0144470040414323,True,True,True,True,False,False
F_Sweep_vs_MV,nrms,sweep w_topic=0.15 vs mv_eac,ILD@K,500000,292991,0.0015115999999999,0.1143145013366054,0.0,0.1348545858378422,0.0,0.1143145013366054,0.1348545858378422,0.1847891332336921,0.114155917083886,True,True,True,True,True,True
F_Sweep_vs_MV,nrms,sweep w_topic=0.15 vs mv_eac,Entropy,500000,292991,0.0049205936206954,0.1213247614396761,0.0,0.1408438510981346,0.0,0.1213247614396761,0.1408438510981346,0.1963796373616604,0.1281818057932481,True,True,True,True,True,True
F_Sweep_vs_MV,nrms,sweep w_topic=0.15 vs mv_eac,ERR@K,500000,292991,-0.0003514900371303,-0.0208825622971841,2.0171424702779918e-265,-0.0231706347907818,1.1956000090285575e-231,0.0208825622971841,0.0231706347907818,-0.0334221762800953,-0.0011424031989217,True,True,True,True,False,False
F_Sweep_vs_MV,nrms,sweep w_topic=0.15 vs mv_eac,TCI@K,500000,292991,0.0010497959446399,0.3326661807747771,0.0,0.3820981371051423,0.0,-0.3326661807747771,-0.3820981371051423,0.585139205034746,0.3351284066474839,True,True,True,True,True,True
F_Sweep_vs_MV,nrms,sweep w_topic=0.50 vs mv_eac,NDCG@K,500000,292991,0.0004126672958568,0.0036169588587849,2.737476010913977e-07,0.0044141721454344,7.066846411916143e-05,0.0036169588587849,0.0044141721454344,-0.0072781158873482,0.0058679930359105,True,True,True,True,False,False
F_Sweep_vs_MV,nrms,sweep w_topic=0.50 vs mv_eac,ILD@K,500000,292991,-0.0023120888888888,-0.1564814312123343,0.0,-0.180582563572101,0.0,-0.1564814312123343,-0.180582563572101,-0.2552832461551523,-0.1561973000549959,True,True,True,True,True,True
F_Sweep_vs_MV,nrms,sweep w_topic=0.50 vs mv_eac,Entropy,500000,292991,-0.0074574630527914,-0.1579481430522037,0.0,-0.180821523872854,0.0,-0.1579481430522037,-0.180821523872854,-0.2577724488189905,-0.1611761275953309,True,True,True,True,True,True
F_Sweep_vs_MV,nrms,sweep w_topic=0.50 vs mv_eac,ERR@K,500000,292991,0.0003303502144104,0.0211635205979945,1.0966565499767576e-204,0.0254740640870837,1.2953045596748679e-186,-0.0211635205979945,-0.0254740640870837,0.033872157418547,0.0111366371180339,True,True,True,True,False,False
F_Sweep_vs_MV,nrms,sweep w_topic=0.50 vs mv_eac,TCI@K,500000,292991,-0.0006783524422167,-0.2850072924701713,0.0,-0.3284467779768066,0.0,0.2850072924701713,0.3284467779768066,-0.4879530077603888,-0.2882263548255712,True,True,True,True,True,True
F_Sweep_vs_MV,nrms,sweep w_topic=0.70 vs mv_eac,NDCG@K,500000,292991,-0.0001615414520203,-0.0010012242295036,0.2582931499209471,-0.0004301645167519,0.894308289846095,-0.0010012242295036,-0.0004301645167519,-0.019217830169602,0.0009006752049611,False,False,False,False,False,False
F_Sweep_vs_MV,nrms,sweep w_topic=0.70 vs mv_eac,ILD@K,500000,292991,-0.0062203999999999,-0.2446672527459848,0.0,-0.2798933140683624,0.0,-0.2446672527459848,-0.2798933140683624,-0.4111164525784177,-0.2423888704929384,True,True,True,True,True,True
F_Sweep_vs_MV,nrms,sweep w_topic=0.70 vs mv_eac,Entropy,500000,292991,-0.0201362540498251,-0.2465667423643513,0.0,-0.2801132791491402,0.0,-0.2465667423643513,-0.2801132791491402,-0.414641136653112,-0.2471068142851234,True,True,True,True,True,True
F_Sweep_vs_MV,nrms,sweep w_topic=0.70 vs mv_eac,ERR@K,500000,292991,0.0007416640728937,0.0346075924590542,0.0,0.0398931121966884,0.0,-0.0346075924590542,-0.0398931121966884,0.055421799013133,0.0248627920421082,True,True,True,True,False,False
F_Sweep_vs_MV,nrms,sweep w_topic=0.70 vs mv_eac,TCI@K,500000,292991,-0.001285817311648,-0.3837990797860647,0.0,-0.4400630228008579,0.0,0.3837990797860647,0.4400630228008579,-0.6996727720339162,-0.3878779861430201,True,True,True,True,True,True
F_Sweep_vs_MV,nrms,sweep w_topic=0.85 vs mv_eac,NDCG@K,500000,292991,-0.0018363470125887,-0.0097660127119766,1.1537235709223306e-06,-0.0105367873676152,3.8195759350644356e-08,-0.0097660127119766,-0.0105367873676152,-0.0293769575741563,-0.0073885309492691,True,True,True,True,False,False
F_Sweep_vs_MV,nrms,sweep w_topic=0.85 vs mv_eac,ILD@K,500000,292991,-0.0097665333333333,-0.2897149431720391,0.0,-0.3302465514846711,0.0,-0.2897149431720391,-0.3302465514846711,-0.4972156988366032,-0.285268756424048,True,True,True,True,True,True
F_Sweep_vs_MV,nrms,sweep w_topic=0.85 vs mv_eac,Entropy,500000,292991,-0.0313939451573383,-0.2934977270570637,0.0,-0.3324604139703118,0.0,-0.2934977270570637,-0.3324604139703118,-0.5047080176576829,-0.2909497157061714,True,True,True,True,True,True
F_Sweep_vs_MV,nrms,sweep w_topic=0.85 vs mv_eac,ERR@K,500000,292991,0.0010068322203369,0.0412456583056528,0.0,0.04699457775201,0.0,-0.0412456583056528,-0.04699457775201,0.0660782303674815,0.0339997473972443,True,True,True,True,False,False
F_Sweep_vs_MV,nrms,sweep w_topic=0.85 vs mv_eac,TCI@K,500000,292991,-0.0016169339351683,-0.4209421324932604,0.0,-0.4831218302145466,0.0,0.4209421324932604,0.4831218302145466,-0.791721341145188,-0.4269583229056118,True,True,True,True,True,True
F_Sweep_vs_MV,nrms,sweep w_topic=1.00 vs mv_eac,NDCG@K,500000,292991,-0.0040869474125119,-0.0185886919816761,3.1098693537735496e-23,-0.0213065310919827,8.474195329883096e-26,-0.0185886919816761,-0.0213065310919827,-0.0401446313725239,-0.0178111572189248,True,True,True,True,False,False
F_Sweep_vs_MV,nrms,sweep w_topic=1.00 vs mv_eac,ILD@K,500000,292991,-0.0135657333333333,-0.3208175979260331,0.0,-0.3638309758421833,0.0,-0.3208175979260331,-0.3638309758421833,-0.5602242524594393,-0.3143417838816603,True,True,True,True,True,True
F_Sweep_vs_MV,nrms,sweep w_topic=1.00 vs mv_eac,Entropy,500000,292991,-0.042930525719041,-0.3285468151875086,0.0,-0.3708764089520322,0.0,-0.3285468151875086,-0.3708764089520322,-0.5764154494287695,-0.3232109673104547,True,True,True,True,True,True
F_Sweep_vs_MV,nrms,sweep w_topic=1.00 vs mv_eac,ERR@K,500000,292991,0.0015776246713554,0.0580658754066691,0.0,0.0670904733165557,0.0,-0.0580658754066691,-0.0670904733165557,0.0931470667819676,0.0425031428547536,True,True,True,True,False,False
F_Sweep_vs_MV,nrms,sweep w_topic=1.00 vs mv_eac,TCI@K,500000,292991,-0.0018468723814505,-0.4416309053255919,0.0,-0.5061486746572188,0.0,0.4416309053255919,0.5061486746572188,-0.8470859595811498,-0.4511206230452214,True,True,True,True,True,True
G_MV_vs_SingleView,nrms,mv_eac vs topic_eac,NDCG@K,500000,292991,0.00278591450522,0.0127687786432556,1.1715751451802983e-09,0.0146214859099586,1.0324027835444712e-11,0.0127687786432556,0.0146214859099586,0.0298035123718482,0.0114277086982349,True,True,True,True,False,False
G_MV_vs_SingleView,nrms,mv_eac vs topic_eac,ILD@K,500000,292991,0.0145559555555555,0.346245583549482,0.0,0.3920009756879644,0.0,0.346245583549482,0.3920009756879644,0.6143871018752843,0.3445395432643955,True,True,True,True,True,True
G_MV_vs_SingleView,nrms,mv_eac vs topic_eac,Entropy,500000,292991,0.0467517527029227,0.356597788909991,0.0,0.4018789957255457,0.0,0.356597788909991,0.4018789957255457,0.6372196225515367,0.3570806059888731,True,True,True,True,True,True
G_MV_vs_SingleView,nrms,mv_eac vs topic_eac,ERR@K,500000,292991,-0.0012698164637315,-0.0479218206018816,0.0,-0.0561059649988603,0.0,0.0479218206018816,0.0561059649988603,-0.0768096411472162,-0.0295671121081619,True,True,True,True,False,False
G_MV_vs_SingleView,nrms,mv_eac vs topic_eac,TCI@K,500000,292991,0.0015316344434152,0.3966837777515757,0.0,0.4557201037652853,0.0,-0.3966837777515757,-0.4557201037652853,0.7306398470857228,0.3981214654549284,True,True,True,True,True,True
G_MV_vs_SingleView,nrms,mv_eac vs entity_eac,NDCG@K,500000,292991,-0.0052525800485732,-0.0210943411191339,8.425649562733208e-117,-0.0248304934884899,3.066645131997727e-95,-0.0210943411191339,-0.0248304934884899,-0.0496528455351802,-0.0322229141074912,True,True,True,True,False,False
G_MV_vs_SingleView,nrms,mv_eac vs entity_eac,ILD@K,500000,292991,0.0289961777777777,0.4419081891282763,0.0,0.4986329026977358,0.0,0.4419081891282763,0.4986329026977358,0.8478506772593498,0.4362628602442137,True,True,True,True,True,True
G_MV_vs_SingleView,nrms,mv_eac vs entity_eac,Entropy,500000,292991,0.0908149169003099,0.4814914250527761,0.0,0.5405368978904317,0.0,0.4814914250527761,0.5405368978904317,0.9641649090264914,0.4808960749929997,True,True,True,True,True,True
G_MV_vs_SingleView,nrms,mv_eac vs entity_eac,ERR@K,500000,292991,0.0049934382208907,0.1605076571523941,0.0,0.1860709751887891,0.0,-0.1605076571523941,-0.1860709751887891,0.2621230279056439,0.14548039926973,True,True,True,True,True,True
G_MV_vs_SingleView,nrms,mv_eac vs entity_eac,TCI@K,500000,292991,-0.0045009149879083,-0.432329401018676,0.0,-0.4865222624691342,0.0,0.432329401018676,0.4865222624691342,-0.8217904716727296,-0.416088561419935,True,True,True,True,True,True
G_MV_vs_SingleView,nrms,mv_eac vs category_eac,NDCG@K,500000,292991,0.0102447795435513,0.0420498149921105,0.0,0.0473458150100768,8.802535123168432e-243,0.0420498149921105,0.0473458150100768,0.0154105687812044,0.0456501809370152,True,True,True,True,False,False
G_MV_vs_SingleView,nrms,mv_eac vs category_eac,ILD@K,500000,292991,-0.0057309777777777,-0.2706358221382143,0.0,-0.3005464913324571,0.0,-0.2706358221382143,-0.3005464913324571,-0.4600786080537907,-0.2486303006669878,True,True,True,True,True,True
G_MV_vs_SingleView,nrms,mv_eac vs category_eac,Entropy,500000,292991,-0.0204185153938934,-0.2845793907812093,0.0,-0.314640077172132,0.0,-0.2845793907812093,-0.314640077172132,-0.4871143941433372,-0.2656647408146373,True,True,True,True,True,True
G_MV_vs_SingleView,nrms,mv_eac vs category_eac,ERR@K,500000,292991,-0.003810374086324,-0.1309684578754647,0.0,-0.1539078539962647,0.0,0.1309684578754647,0.1539078539962647,-0.2124021077910339,-0.110594016135016,True,True,True,True,True,True
G_MV_vs_SingleView,nrms,mv_eac vs category_eac,TCI@K,500000,292991,-0.0022466955714338,-0.3839301682521678,0.0,-0.43135441768736,0.0,0.3839301682521678,0.43135441768736,-0.6999830833635768,-0.3672308599601422,True,True,True,True,True,True
H_SentimentAddBack,nrms,mv4 vs mv_eac,NDCG@K,500000,292991,-0.0035415652803194,-0.0181914058981216,0.0,-0.0218382549602836,1.7250782417244082e-235,-0.0181914058981216,-0.0218382549602836,-0.017764043106935,-0.0203492431638757,True,True,True,True,False,False
H_SentimentAddBack,nrms,mv4 vs mv_eac,ILD@K,500000,292991,-0.0022300888888888,-0.146328433439752,0.0,-0.1642679400176585,0.0,-0.146328433439752,-0.1642679400176585,-0.2381267738433623,-0.1674063164607549,True,True,True,True,True,True
H_SentimentAddBack,nrms,mv4 vs mv_eac,Entropy,500000,292991,-0.0072809945578723,-0.1583032589221469,0.0,-0.1782280493319684,0.0,-0.1583032589221469,-0.1782280493319684,-0.2583755483375441,-0.1799289582509588,True,True,True,True,True,True
H_SentimentAddBack,nrms,mv4 vs mv_eac,ERR@K,500000,292991,0.0006067733774604,0.0295416007035877,2.4783571866149756e-157,0.0340245658933144,9.490726306891402e-138,-0.0295416007035877,-0.0340245658933144,0.0472969356049667,0.0243343369763831,True,True,True,True,False,False
H_SentimentAddBack,nrms,mv4 vs mv_eac,TCI@K,500000,292991,0.0006905566653149,0.2383108923554905,0.0,0.2712506542836221,0.0,-0.2383108923554905,-0.2712506542836221,0.3993824706143155,0.2525892838708549,True,True,True,True,True,True
B_MCF_vs_TradCal,nrms,mcf_category vs trad,NDCG@K,500000,292991,0.0122763772329541,0.0752832330938945,0.0,0.0853021012665848,0.0,0.0752832330938945,0.0853021012665848,0.0731373554908449,0.0962274020549344,True,True,True,True,False,False
B_MCF_vs_TradCal,nrms,mcf_category vs trad,ILD@K,500000,292991,-0.0009954222222222,-0.0500820565816527,2.2996221697365053e-278,-0.0341305527273807,5.109536904881504e-115,-0.0500820565816527,-0.0341305527273807,-0.0802853971343944,-0.0549620093381358,True,True,True,True,False,False
B_MCF_vs_TradCal,nrms,mcf_category vs trad,Entropy,500000,292991,-0.0026794562057574,-0.0495390263513003,1.0440182286756001e-288,-0.0293918998917646,7.143852694336726e-134,-0.0495390263513003,-0.0293918998917646,-0.0794115142930442,-0.0543657669240287,True,True,True,True,False,False
B_MCF_vs_TradCal,nrms,mcf_category vs trad,ERR@K,500000,292991,-0.0003307640602318,-0.0137256859382485,7.373797504250513e-08,-0.0177688923804461,0.0008815807527602,0.0137256859382485,0.0177688923804461,-0.0219634754287149,-0.0218935315712785,True,True,True,True,False,False
B_MCF_vs_TradCal,nrms,mcf_category vs trad,TCI@K,500000,292991,0.0004055783348504,0.1089559856228808,0.0,0.1143413297635893,0.0,-0.1089559856228808,-0.1143413297635893,0.175959583988981,0.1400720118529977,True,True,True,True,True,True
C_EAC_vs_MCF,nrms,category_eac vs mcf,NDCG@K,500000,292991,-0.0127808933758061,-0.0762684102761287,0.0,-0.0854218456781407,0.0,-0.0762684102761287,-0.0854218456781407,-0.0790322161685174,-0.0967595045853095,True,True,True,True,False,False
C_EAC_vs_MCF,nrms,category_eac vs mcf,ILD@K,500000,292991,0.0140268444444444,0.4192736830534141,0.0,0.4590351479846838,0.0,0.4192736830534141,0.4590351479846838,0.7873944797610636,0.4684763768347083,True,True,True,True,True,True
C_EAC_vs_MCF,nrms,category_eac vs mcf,Entropy,500000,292991,0.0431455722715457,0.4269471157135834,0.0,0.4680004921240802,0.0,0.4269471157135834,0.4680004921240802,0.8074589883660358,0.4773779543370559,True,True,True,True,True,True
C_EAC_vs_MCF,nrms,category_eac vs mcf,ERR@K,500000,292991,-0.0003553453506334,-0.0141245239983203,3.1562792970037022e-24,-0.0191963138467251,3.848758009086604e-25,0.0141245239983203,0.0191963138467251,-0.0226018812803338,-0.0216136540878948,True,True,True,True,False,False
C_EAC_vs_MCF,nrms,category_eac vs mcf,TCI@K,500000,292991,-0.0006926533487276,-0.1531770733113629,0.0,-0.1717972386230288,0.0,0.1531770733113629,0.1717972386230288,-0.249685448367205,-0.186421117349441,True,True,True,True,True,True
B_MCF_vs_TradCal,nrms,mcf_topic vs trad,NDCG@K,500000,292991,0.0157976293904465,0.0529437141986865,0.0,0.0583091081779932,4.509656500915359e-255,0.0529437141986865,0.0583091081779932,0.0833958234890483,0.0697350083121457,True,True,True,True,False,False
B_MCF_vs_TradCal,nrms,mcf_topic vs trad,ILD@K,500000,292991,-0.0110223555555555,-0.2312020448313636,0.0,-0.261282927327343,0.0,-0.2312020448313636,-0.261282927327343,-0.3863669046645134,-0.2250812697426363,True,True,True,True,True,True
B_MCF_vs_TradCal,nrms,mcf_topic vs trad,Entropy,500000,292991,-0.0347498732462653,-0.2636324127608509,0.0,-0.2987390118148398,0.0,-0.2636324127608509,-0.2987390118148398,-0.4467035919964184,-0.2563747076644522,True,True,True,True,True,True
B_MCF_vs_TradCal,nrms,mcf_topic vs trad,ERR@K,500000,292991,0.0038360782130336,0.1141689835954431,0.0,0.1312380694042865,0.0,-0.1141689835954431,-0.1312380694042865,0.1845490191497128,0.1177615315424828,True,True,True,True,True,True
B_MCF_vs_TradCal,nrms,mcf_topic vs trad,TCI@K,500000,292991,0.0044665562904868,0.4956938542622291,0.0,0.5567177681396631,0.0,-0.4956938542622291,-0.5567177681396631,1.0098748721336337,0.4784500071441556,True,True,True,True,True,True
C_EAC_vs_MCF,nrms,topic_eac vs mcf,NDCG@K,500000,292991,-0.0084196656220988,-0.0316747370503497,2.291699718006557e-101,-0.0354262758087076,4.935886064761402e-91,-0.0316747370503497,-0.0354262758087076,-0.0702493446242614,-0.045172216441682,True,True,True,True,False,False
C_EAC_vs_MCF,nrms,topic_eac vs mcf,ILD@K,500000,292991,0.0114304888888888,0.2275693677455496,0.0,0.2560913829453335,0.0,0.2275693677455496,0.2560913829453335,0.3797581414984619,0.2224295675287911,True,True,True,True,True,True
C_EAC_vs_MCF,nrms,topic_eac vs mcf,Entropy,500000,292991,0.0366413899231189,0.2739466292781032,0.0,0.3097221161927651,0.0,0.2739466292781032,0.3097221161927651,0.4664480502200215,0.2700151493120068,True,True,True,True,True,True
C_EAC_vs_MCF,nrms,topic_eac vs mcf,ERR@K,500000,292991,-0.0039462960621992,-0.1181743018381074,0.0,-0.1364365359869947,0.0,0.1181743018381074,0.1364365359869947,-0.1911651129301992,-0.1264543058095309,True,True,True,True,True,True
C_EAC_vs_MCF,nrms,topic_eac vs mcf,TCI@K,500000,292991,-0.005229293490703,-0.5284989009675405,0.0,-0.5948262894876156,0.0,0.5284989009675405,0.5948262894876156,-1.1255943197495726,-0.5166355921156605,True,True,True,True,True,True
B_MCF_vs_TradCal,nrms,mcf_entity vs trad,NDCG@K,500000,292991,0.0014213733028943,0.0087236666824651,1.041036952501655e-44,0.0073175287089816,3.4567525686720155e-36,0.0087236666824651,0.0073175287089816,0.0126981333778222,-0.0010844039849489,True,True,True,True,False,False
B_MCF_vs_TradCal,nrms,mcf_entity vs trad,ILD@K,500000,292991,0.0015072888888888,0.0616959444642261,0.0,0.0683721308349967,0.0,0.0616959444642261,0.0683721308349967,0.0990040368482368,0.021822436677769,True,True,True,True,False,False
B_MCF_vs_TradCal,nrms,mcf_entity vs trad,Entropy,500000,292991,0.0048830766103017,0.0741869489584899,0.0,0.0825876296966715,0.0,0.0741869489584899,0.0825876296966715,0.1192073126329224,0.0253932116169209,True,True,True,True,False,False
B_MCF_vs_TradCal,nrms,mcf_entity vs trad,ERR@K,500000,292991,0.001047703464465,0.0609854059361427,0.0,0.0712910020746532,0.0,-0.0609854059361427,-0.0712910020746532,0.0978571370262617,0.0303390855982264,True,True,True,True,False,False
B_MCF_vs_TradCal,nrms,mcf_entity vs trad,TCI@K,500000,292991,-0.0001966429018006,-0.0465848019597434,3.3093602404680664e-200,-0.057900359211228,7.450388065082605e-170,0.0465848019597434,0.057900359211228,-0.0746592688914559,0.0236747027105998,True,True,True,True,False,False
C_EAC_vs_MCF,nrms,entity_eac vs mcf,NDCG@K,500000,292991,-0.000719304088557,-0.004096025392603,0.4503635258566033,-0.0030092354062439,0.0690614020088428,-0.004096025392603,-0.0030092354062439,-0.006227009014158,-0.0040576637117506,False,False,False,False,False,False
C_EAC_vs_MCF,nrms,entity_eac vs mcf,ILD@K,500000,292991,0.0044025333333333,0.1091370488065766,0.0,0.1231430779321129,0.0,0.1091370488065766,0.1231430779321129,0.176257524609166,0.1235767875044812,True,True,True,True,True,True
C_EAC_vs_MCF,nrms,entity_eac vs mcf,Entropy,500000,292991,0.0100801510356387,0.1001018745525931,0.0,0.1125210437409131,0.0,0.1001018745525931,0.1125210437409131,0.1614232900112758,0.118916412075293,True,True,True,True,True,True
C_EAC_vs_MCF,nrms,entity_eac vs mcf,ERR@K,500000,292991,-0.0113329306187816,-0.327574121936346,0.0,-0.3738418246158305,0.0,0.327574121936346,0.3738418246158305,-0.57436525659474,-0.3111606251567541,True,True,True,True,True,True
C_EAC_vs_MCF,nrms,entity_eac vs mcf,TCI@K,500000,292991,-0.000608830662188,-0.0912912746673374,0.0,-0.1017554061671988,0.0,0.0912912746673374,0.1017554061671988,-0.1470191132011624,-0.125151744717042,True,True,True,True,False,True
B_MCF_vs_TradCal,nrms,mcf_sentiment vs trad,NDCG@K,500000,292991,-0.0031087849950331,-0.0235080695054998,5.27832395928933e-07,-0.0260197675883186,5.4121393967282715e-33,-0.0235080695054998,-0.0260197675883186,-0.0053076766876715,-0.02564859036966,True,True,True,True,False,False
B_MCF_vs_TradCal,nrms,mcf_sentiment vs trad,ILD@K,500000,292991,-7.897777777777778e-05,-0.0044142064132179,0.0055581976323209,-0.0049359660659723,0.0153635466890717,-0.0044142064132179,-0.0049359660659723,-0.0070625644191884,-0.0023701379141191,True,False,True,False,False,False
B_MCF_vs_TradCal,nrms,mcf_sentiment vs trad,Entropy,500000,292991,-0.0001695545739839,-0.0031954135231589,0.0469823936078153,-0.0040114962496936,0.0861151211658238,-0.0031954135231589,-0.0040114962496936,-0.0051125046040236,-0.002467496285006,True,False,True,False,False,False
B_MCF_vs_TradCal,nrms,mcf_sentiment vs trad,ERR@K,500000,292991,1.807459242095178e-05,0.0010368052146236,0.0662692171036778,0.0012038090359716,0.056863945915388,-0.0010368052146236,-0.0012038090359716,0.0016588255721432,0.0003460868337482,False,False,False,False,False,False
B_MCF_vs_TradCal,nrms,mcf_sentiment vs trad,TCI@K,500000,292991,2.235785069319847e-05,0.0075462415742479,1.2733200675249378e-08,0.007145920972096,5.6354168681356694e-08,-0.0075462415742479,-0.007145920972096,0.012074055774259,0.0016149202223275,True,True,True,True,False,False
C_EAC_vs_MCF,nrms,sentiment_eac vs mcf,NDCG@K,500000,292991,0.0024941862067372,0.0177598957707413,0.0174922195853075,0.0205260815176209,1.3293164645489645e-18,0.0177598957707413,0.0205260815176209,-0.005013759455482,0.0179839719956541,True,False,True,True,False,False
C_EAC_vs_MCF,nrms,sentiment_eac vs mcf,ILD@K,500000,292991,0.0010243111111111,0.0350416944717257,1.5722879935520242e-172,0.043002538830416,2.5360881172622727e-167,0.0350416944717257,0.043002538830416,0.0561183108183479,0.0448838093066628,True,True,True,True,False,False
C_EAC_vs_MCF,nrms,sentiment_eac vs mcf,Entropy,500000,292991,0.0037525828198197,0.046235022146522,1.5562717748507802e-262,0.0548911302302381,2.2136165550575223e-235,0.046235022146522,0.0548911302302381,0.0740968107106007,0.0640361561896413,True,True,True,True,False,False
C_EAC_vs_MCF,nrms,sentiment_eac vs mcf,ERR@K,500000,292991,-2.1162306056926576e-05,-0.0009194395426992,0.729753830921511,-0.0009541868401667,0.9284553859197529,0.0009194395426992,0.0009541868401667,-0.0014710473393179,-0.000226646136805,False,False,False,False,False,False
C_EAC_vs_MCF,nrms,sentiment_eac vs mcf,TCI@K,500000,292991,0.0001348523997685,0.0294281154174678,1.017429387338144e-146,0.0320194715499497,1.3541381255974152e-138,-0.0294281154174678,-0.0320194715499497,0.0471149962211215,0.0493582519922268,True,True,True,True,False,False
I_NRMS_Variants,nrms_seed1,mv_eac vs trad,NDCG@K,500000,292991,0.0020532227463799,0.0134481219951923,1.406192597561127e-140,0.0123258965125476,2.0303699723348657e-95,0.0134481219951923,0.0123258965125476,-0.0121306480515199,0.0102966527353756,True,True,True,True,False,False
I_NRMS_Variants,nrms_seed1,mv_eac vs trad,ILD@K,500000,292991,0.0145424444444444,0.3676442173194512,0.0,0.4079574153370761,0.0,0.3676442173194512,0.4079574153370761,0.6621327305111842,0.4228747073958334,True,True,True,True,True,True
I_NRMS_Variants,nrms_seed1,mv_eac vs trad,Entropy,500000,292991,0.0435794830131587,0.3650829125026806,0.0,0.4045238629192674,0.0,0.3650829125026806,0.4045238629192674,0.6563036606399829,0.4361445815794456,True,True,True,True,True,True
I_NRMS_Variants,nrms_seed1,mv_eac vs trad,ERR@K,500000,292991,-0.0039398941240672,-0.1539348146975,0.0,-0.1785006496082596,0.0,0.1539348146975,0.1785006496082596,-0.2509678842985339,-0.165081500258384,True,True,True,True,True,True
I_NRMS_Variants,nrms_seed1,mv_eac vs trad,TCI@K,500000,292991,-0.001172698378362,-0.2438996991126119,0.0,-0.2739557582910962,0.0,0.2438996991126119,0.2739557582910962,-0.4096945848317808,-0.2894389530128594,True,True,True,True,True,True
I_NRMS_Variants,nrms_seed2,mv_eac vs trad,NDCG@K,500000,292991,0.0027419556700221,0.0180040311668507,1.7748717574436418e-163,0.0177457863950706,9.492269621073744e-115,0.0180040311668507,0.0177457863950706,-0.0061966239544602,0.015457284336249,True,True,True,True,False,False
I_NRMS_Variants,nrms_seed2,mv_eac vs trad,ILD@K,500000,292991,0.0148223555555555,0.3705644087515848,0.0,0.4117836854106301,0.0,0.3705644087515848,0.4117836854106301,0.6688184110296203,0.4260580713446862,True,True,True,True,True,True
I_NRMS_Variants,nrms_seed2,mv_eac vs trad,Entropy,500000,292991,0.0435121566087252,0.369976266088904,0.0,0.4102734590010687,0.0,0.369976266088904,0.4102734590010687,0.6674684280409207,0.4425895085153514,True,True,True,True,True,True
I_NRMS_Variants,nrms_seed2,mv_eac vs trad,ERR@K,500000,292991,-0.004192683509427,-0.1634578881160984,0.0,-0.1898973300099636,0.0,0.1634578881160984,0.1898973300099636,-0.2671485670048842,-0.1766205970215435,True,True,True,True,True,True
I_NRMS_Variants,nrms_seed2,mv_eac vs trad,TCI@K,500000,292991,-0.0013314300052515,-0.2582864959178427,0.0,-0.290618925697342,0.0,0.2582864959178427,0.290618925697342,-0.4365811347703267,-0.3041331849728721,True,True,True,True,True,True
I_NRMS_Variants,nrms_large1M,mv_eac vs trad,NDCG@K,500000,292991,0.002539310492818,0.0162630939165444,9.905329834257809e-164,0.0167183669090784,4.312672200273151e-110,0.0162630939165444,0.0167183669090784,-0.0043905360526141,0.0135805407042935,True,True,True,True,False,False
I_NRMS_Variants,nrms_large1M,mv_eac vs trad,ILD@K,500000,292991,0.0132924888888888,0.3567473498079088,0.0,0.3964266418700165,0.0,0.3567473498079088,0.3964266418700165,0.6375530572538046,0.4114427644432264,True,True,True,True,True,True
I_NRMS_Variants,nrms_large1M,mv_eac vs trad,Entropy,500000,292991,0.0398999389696578,0.351536487643769,0.0,0.3902730234088668,0.0,0.351536487643769,0.3902730234088668,0.6259963980334972,0.4221523530924193,True,True,True,True,True,True
I_NRMS_Variants,nrms_large1M,mv_eac vs trad,ERR@K,500000,292991,-0.0035754817390288,-0.1368513628398004,0.0,-0.1594961505945286,0.0,0.1368513628398004,0.1594961505945286,-0.2222236390114057,-0.1441299511354678,True,True,True,True,True,True
I_NRMS_Variants,nrms_large1M,mv_eac vs trad,TCI@K,500000,292991,-0.0011261051297736,-0.2358003917450995,0.0,-0.2657685517169244,0.0,0.2358003917450995,0.2657685517169244,-0.3947732740773124,-0.2802678108028044,True,True,True,True,True,True
J_NRMS_Variant_Ablation,nrms_seed1,no_category vs mv_eac,NDCG@K,500000,292991,0.0034909675325088,0.0202047116811461,4.156155512877774e-197,0.0251298750173396,9.33902687182132e-161,0.0202047116811461,0.0251298750173396,0.0213569287840704,0.0216686392084912,True,True,True,True,False,False
J_NRMS_Variant_Ablation,nrms_seed1,no_category vs mv_eac,ILD@K,500000,292991,-0.0195815555555555,-0.4259042220393806,0.0,-0.4791391460915677,0.0,-0.4259042220393806,-0.4791391460915677,-0.8047070309115226,-0.426599067661921,True,True,True,True,True,True
J_NRMS_Variant_Ablation,nrms_seed1,no_category vs mv_eac,Entropy,500000,292991,-0.0635484511890732,-0.4471132640178558,0.0,-0.5021649475024852,0.0,-0.4471132640178558,-0.5021649475024852,-0.8623241578867643,-0.4490076288788865,True,True,True,True,True,True
J_NRMS_Variant_Ablation,nrms_seed1,no_category vs mv_eac,ERR@K,500000,292991,-0.0013249022784604,-0.0609041191681531,0.0,-0.0731708486714246,0.0,0.0609041191681531,0.0731708486714246,-0.0977259447757849,-0.0577970060868545,True,True,True,True,False,False
J_NRMS_Variant_Ablation,nrms_seed1,no_category vs mv_eac,TCI@K,500000,292991,-0.0002510058570883,-0.0861120970391864,0.0,-0.101004378292633,0.0,0.0861120970391864,0.101004378292633,-0.1385777851940864,-0.0787736316506743,True,True,True,True,False,True
J_NRMS_Variant_Ablation,nrms_seed1,no_entity vs mv_eac,NDCG@K,500000,292991,-0.0055929249505643,-0.0365123302645787,0.0,-0.0403422357805866,0.0,-0.0365123302645787,-0.0403422357805866,-0.0526903160420366,-0.0389791221646792,True,True,True,True,False,False
J_NRMS_Variant_Ablation,nrms_seed1,no_entity vs mv_eac,ILD@K,500000,292991,0.0074561333333333,0.3589012100119512,0.0,0.4078939521690258,0.0,0.3589012100119512,0.4078939521690258,0.6423664947951068,0.3737580781305324,True,True,True,True,True,True
J_NRMS_Variant_Ablation,nrms_seed1,no_entity vs mv_eac,Entropy,500000,292991,0.0285200314784294,0.3842242258536261,0.0,0.4363056375163522,0.0,0.3842242258536261,0.4363056375163522,0.7006795190152603,0.3984089924910391,True,True,True,True,True,True
J_NRMS_Variant_Ablation,nrms_seed1,no_entity vs mv_eac,ERR@K,500000,292991,0.0024208801310163,0.1029066672881647,0.0,0.1208982007853117,0.0,-0.1029066672881647,-0.1208982007853117,0.1660211845704339,0.089929332610299,True,True,True,True,True,True
J_NRMS_Variant_Ablation,nrms_seed1,no_entity vs mv_eac,TCI@K,500000,292991,-0.0009417264869133,-0.2959517383260227,0.0,-0.3375101734668353,0.0,0.2959517383260227,0.3375101734668353,-0.5095925771147651,-0.3069876570702026,True,True,True,True,True,True
J_NRMS_Variant_Ablation,nrms_seed1,no_topic vs mv_eac,NDCG@K,500000,292991,-0.0067658342606302,-0.0318019519790716,2.396312739965956e-130,-0.035885301328137,1.7983950282047178e-107,-0.0318019519790716,-0.035885301328137,-0.021138241528755,-0.0312259442388381,True,True,True,True,False,False
J_NRMS_Variant_Ablation,nrms_seed1,no_topic vs mv_eac,ILD@K,500000,292991,0.0020327555555555,0.1195033584175695,0.0,0.1416431378678884,0.0,0.1195033584175695,0.1416431378678884,0.1933637708987773,0.1237333041464376,True,True,True,True,True,True
J_NRMS_Variant_Ablation,nrms_seed1,no_topic vs mv_eac,Entropy,500000,292991,0.007257818655724,0.1402063872826467,0.0,0.162472512404854,0.0,0.1402063872826467,0.162472512404854,0.2278418435552803,0.1536252531545041,True,True,True,True,True,True
J_NRMS_Variant_Ablation,nrms_seed1,no_topic vs mv_eac,ERR@K,500000,292991,-0.0003356349782109,-0.0141872686528421,0.0,-0.0176903672078789,0.0,0.0141872686528421,0.0176903672078789,-0.0227023159303459,0.0024780392019108,True,True,True,True,False,False
J_NRMS_Variant_Ablation,nrms_seed1,no_topic vs mv_eac,TCI@K,500000,292991,0.0026565191626471,0.4362903662975022,0.0,0.4979026107877465,0.0,-0.4362903662975022,-0.4979026107877465,0.8324787037469064,0.4174223268437517,True,True,True,True,True,True
J_NRMS_Variant_Ablation,nrms_seed1,mv4 vs mv_eac,NDCG@K,500000,292991,-0.0049272787665217,-0.0257086106900445,0.0,-0.0304500236551806,1.1628218200738804e-295,-0.0257086106900445,-0.0304500236551806,-0.0170422284592194,-0.0287886970852728,True,True,True,True,False,False
J_NRMS_Variant_Ablation,nrms_seed1,mv4 vs mv_eac,ILD@K,500000,292991,-0.0022034222222222,-0.1431648807805911,0.0,-0.1616081085264838,0.0,-0.1431648807805911,-0.1616081085264838,-0.2328066173059505,-0.1637271875405355,True,True,True,True,True,True
J_NRMS_Variant_Ablation,nrms_seed1,mv4 vs mv_eac,Entropy,500000,292991,-0.0072829343280158,-0.1559831341346115,0.0,-0.1768627556007036,0.0,-0.1559831341346115,-0.1768627556007036,-0.2544382043362156,-0.1771632918224513,True,True,True,True,True,True
J_NRMS_Variant_Ablation,nrms_seed1,mv4 vs mv_eac,ERR@K,500000,292991,0.0009432585675809,0.0450239042232278,9.09073027446731e-253,0.0524041870806585,7.886912227431382e-229,-0.0450239042232278,-0.0524041870806585,0.072149618554888,0.0430355606641003,True,True,True,True,False,False
J_NRMS_Variant_Ablation,nrms_seed1,mv4 vs mv_eac,TCI@K,500000,292991,0.0006942688125085,0.2359878777502163,0.0,0.2670946753712548,0.0,-0.2359878777502163,-0.2670946753712548,0.3951170071767929,0.250049900892564,True,True,True,True,True,True
J_NRMS_Variant_Ablation,nrms_seed2,no_category vs mv_eac,NDCG@K,500000,292991,0.0026882934660454,0.0156820160134531,1.1330326033044438e-161,0.0187579476187507,1.0620231532029678e-130,0.0156820160134531,0.0187579476187507,0.0169744204577266,0.016611336405511,True,True,True,True,False,False
J_NRMS_Variant_Ablation,nrms_seed2,no_category vs mv_eac,ILD@K,500000,292991,-0.0183912444444444,-0.4333613502462944,0.0,-0.4865406537660721,0.0,-0.4333613502462944,-0.4865406537660721,-0.8245633571420816,-0.4351528307412468,True,True,True,True,True,True
J_NRMS_Variant_Ablation,nrms_seed2,no_category vs mv_eac,Entropy,500000,292991,-0.0602189520574308,-0.4508223974206587,0.0,-0.5058962577031907,0.0,-0.4508223974206587,-0.5058962577031907,-0.8727783168789904,-0.4538307768119852,True,True,True,True,True,True
J_NRMS_Variant_Ablation,nrms_seed2,no_category vs mv_eac,ERR@K,500000,292991,-0.0011052784997415,-0.0509195226723207,0.0,-0.0592525028282853,1.7213820935622394e-293,0.0509195226723207,0.0592525028282853,-0.0816333264069747,-0.0457473378042505,True,True,True,True,False,False
J_NRMS_Variant_Ablation,nrms_seed2,no_category vs mv_eac,TCI@K,500000,292991,-0.000235569439189,-0.0795602011979323,0.0,-0.0942936410026146,0.0,0.0795602011979323,0.0942936410026146,-0.1279244862183754,-0.0714669552368951,True,True,True,True,False,False
J_NRMS_Variant_Ablation,nrms_seed2,no_entity vs mv_eac,NDCG@K,500000,292991,-0.0058104502878282,-0.0383087845181403,0.0,-0.0444561250085791,0.0,-0.0383087845181403,-0.0444561250085791,-0.0535202784890781,-0.0412893915314133,True,True,True,True,False,False
J_NRMS_Variant_Ablation,nrms_seed2,no_entity vs mv_eac,ILD@K,500000,292991,0.0078026666666666,0.3660606268178882,0.0,0.4163568345453314,0.0,0.3660606268178882,0.4163568345453314,0.6585249450605234,0.3822415140586498,True,True,True,True,True,True
J_NRMS_Variant_Ablation,nrms_seed2,no_entity vs mv_eac,Entropy,500000,292991,0.0295279602912841,0.3899839888779424,0.0,0.4425737659006241,0.0,0.3899839888779424,0.4425737659006241,0.7144183750402394,0.4052750822949594,True,True,True,True,True,True
J_NRMS_Variant_Ablation,nrms_seed2,no_entity vs mv_eac,ERR@K,500000,292991,0.0022885565314027,0.0946399488900424,0.0,0.1122872751848257,0.0,-0.0946399488900424,-0.1122872751848257,0.1524869913896281,0.0800775175802187,True,True,True,True,False,True
J_NRMS_Variant_Ablation,nrms_seed2,no_entity vs mv_eac,TCI@K,500000,292991,-0.0010280322885424,-0.3099901882754844,0.0,-0.3531166533056684,0.0,0.3099901882754844,0.3531166533056684,-0.5379144358228193,-0.3234610009817208,True,True,True,True,True,True
J_NRMS_Variant_Ablation,nrms_seed2,no_topic vs mv_eac,NDCG@K,500000,292991,-0.0070369403745233,-0.0328022592069633,1.012971451486146e-127,-0.0350763688914972,7.019780458163084e-97,-0.0328022592069633,-0.0350763688914972,-0.0272202674574953,-0.032503857938819,True,True,True,True,False,False
J_NRMS_Variant_Ablation,nrms_seed2,no_topic vs mv_eac,ILD@K,500000,292991,0.0016711555555555,0.0973016263241949,0.0,0.1178994761381607,0.0,0.0973016263241949,0.1178994761381607,0.1568389631628329,0.0980043120814091,True,True,True,True,False,True
J_NRMS_Variant_Ablation,nrms_seed2,no_topic vs mv_eac,Entropy,500000,292991,0.0068167483129452,0.1319756838239549,0.0,0.1542105578339282,0.0,0.1319756838239549,0.1542105578339282,0.2140810469874181,0.14414739161268,True,True,True,True,True,True
J_NRMS_Variant_Ablation,nrms_seed2,no_topic vs mv_eac,ERR@K,500000,292991,-0.0003083789502104,-0.0128770724693676,0.0,-0.0147695783832505,4.627336073216984e-298,0.0128770724693676,0.0147695783832505,-0.0206051839654324,0.0039699928730421,True,True,True,True,False,False
J_NRMS_Variant_Ablation,nrms_seed2,no_topic vs mv_eac,TCI@K,500000,292991,0.002704192217217,0.44067887134496,0.0,0.4980629917538681,0.0,-0.44067887134496,-0.4980629917538681,0.8444651401670544,0.4227948262591235,True,True,True,True,True,True
J_NRMS_Variant_Ablation,nrms_seed2,mv4 vs mv_eac,NDCG@K,500000,292991,-0.0041802931645617,-0.0216300806691138,0.0,-0.024540784333943,3.2110914918127204e-256,-0.0216300806691138,-0.024540784333943,-0.0193874564475298,-0.02420837805246,True,True,True,True,False,False
J_NRMS_Variant_Ablation,nrms_seed2,mv4 vs mv_eac,ILD@K,500000,292991,-0.0026209777777777,-0.1640768360421511,0.0,-0.1847372226613182,0.0,-0.1640768360421511,-0.1847372226613182,-0.2682044020299107,-0.1869791409080392,True,True,True,True,True,True
J_NRMS_Variant_Ablation,nrms_seed2,mv4 vs mv_eac,Entropy,500000,292991,-0.0082279755179232,-0.1740358398065963,0.0,-0.1962462614021843,0.0,-0.1740358398065963,-0.1962462614021843,-0.2852667230598421,-0.197440589972722,True,True,True,True,True,True
J_NRMS_Variant_Ablation,nrms_seed2,mv4 vs mv_eac,ERR@K,500000,292991,0.0010572499368352,0.0503084502073173,5.284994861714267e-277,0.0586170620275776,9.554748527153924e-245,-0.0503084502073173,-0.0586170620275776,0.0806497587552054,0.049381038651272,True,True,True,True,False,False
J_NRMS_Variant_Ablation,nrms_seed2,mv4 vs mv_eac,TCI@K,500000,292991,0.0008027942080759,0.25341784250819,0.0,0.2885876691366105,0.0,-0.25341784250819,-0.2885876691366105,0.4274257234354416,0.2701331379456945,True,True,True,True,True,True
J_NRMS_Variant_Ablation,nrms_large1M,no_category vs mv_eac,NDCG@K,500000,292991,0.0026290767695925,0.0150239611793,3.0252342368464416e-153,0.0180055435132637,3.791460022899992e-126,0.0150239611793,0.0180055435132637,0.013971731666056,0.0158821287832729,True,True,True,True,False,False
J_NRMS_Variant_Ablation,nrms_large1M,no_category vs mv_eac,ILD@K,500000,292991,-0.0183408444444444,-0.4299541422930795,0.0,-0.4840610992667566,0.0,-0.4299541422930795,-0.4840610992667566,-0.815438970020016,-0.4310573294027197,True,True,True,True,True,True
J_NRMS_Variant_Ablation,nrms_large1M,no_category vs mv_eac,Entropy,500000,292991,-0.0602923699513731,-0.4484179727982632,0.0,-0.5042452552526362,0.0,-0.4484179727982632,-0.5042452552526362,-0.8659879383925119,-0.4508434563027443,True,True,True,True,True,True
J_NRMS_Variant_Ablation,nrms_large1M,no_category vs mv_eac,ERR@K,500000,292991,-0.001440479167325,-0.0667509109619743,0.0,-0.0778356377222111,0.0,0.0667509109619743,0.0778356377222111,-0.107170395008887,-0.0648284932299352,True,True,True,True,False,False
J_NRMS_Variant_Ablation,nrms_large1M,no_category vs mv_eac,TCI@K,500000,292991,-0.0002719609346466,-0.093136232313876,0.0,-0.1105062161590781,0.0,0.093136232313876,0.1105062161590781,-0.1500306503490298,-0.0868511806515849,True,True,True,True,False,True
J_NRMS_Variant_Ablation,nrms_large1M,no_entity vs mv_eac,NDCG@K,500000,292991,-0.0060247760450659,-0.0391770625410725,0.0,-0.0461468188045466,0.0,-0.0391770625410725,-0.0461468188045466,-0.0568966278634564,-0.0422954119263452,True,True,True,True,False,False
J_NRMS_Variant_Ablation,nrms_large1M,no_entity vs mv_eac,ILD@K,500000,292991,0.0072783111111111,0.359356752774765,0.0,0.4093490301686437,0.0,0.359356752774765,0.4093490301686437,0.6433873278118905,0.3741857329517745,True,True,True,True,True,True
J_NRMS_Variant_Ablation,nrms_large1M,no_entity vs mv_eac,Entropy,500000,292991,0.0278252718193838,0.3820493343502775,0.0,0.4340227220904976,0.0,0.3820493343502775,0.4340227220904976,0.6955398411632823,0.3957557710955799,True,True,True,True,True,True
J_NRMS_Variant_Ablation,nrms_large1M,no_entity vs mv_eac,ERR@K,500000,292991,0.0024774026155354,0.0999137577815607,0.0,0.1168712080855333,0.0,-0.0999137577815607,-0.1168712080855333,0.1611151318508685,0.0869225634341162,True,True,True,True,False,True
J_NRMS_Variant_Ablation,nrms_large1M,no_entity vs mv_eac,TCI@K,500000,292991,-0.000952499920848,-0.3021415666927565,0.0,-0.3434180047289493,0.0,0.3021415666927565,0.3434180047289493,-0.5219992841910315,-0.314221168192659,True,True,True,True,True,True
J_NRMS_Variant_Ablation,nrms_large1M,no_topic vs mv_eac,NDCG@K,500000,292991,-0.0077612522516263,-0.0364230205881073,3.9072846431791664e-162,-0.0410840837567588,3.2935203583260484e-132,-0.0364230205881073,-0.0410840837567588,-0.0288909652900805,-0.0372382300106216,True,True,True,True,False,False
J_NRMS_Variant_Ablation,nrms_large1M,no_topic vs mv_eac,ILD@K,500000,292991,0.0013729333333333,0.0829628648016914,0.0,0.1005870061548978,0.0,0.0829628648016914,0.1005870061548978,0.1334537584260473,0.0811955670169151,True,True,True,True,False,True
J_NRMS_Variant_Ablation,nrms_large1M,no_topic vs mv_eac,Entropy,500000,292991,0.0049118193238399,0.1004133853148709,0.0,0.1185196788306451,0.0,0.1004133853148709,0.1185196788306451,0.161933643234671,0.1079617188333907,True,True,True,True,True,True
J_NRMS_Variant_Ablation,nrms_large1M,no_topic vs mv_eac,ERR@K,500000,292991,-2.4693552446455487e-05,-0.0010079157304419,9.206396169136822e-266,-0.0013008124408428,9.759777262168644e-192,0.0010079157304419,0.0013008124408428,-0.0016126040722148,0.0193088545027959,True,True,True,True,False,False
J_NRMS_Variant_Ablation,nrms_large1M,no_topic vs mv_eac,TCI@K,500000,292991,0.0025848791793056,0.4523881211344578,0.0,0.5119899582771383,0.0,-0.4523881211344578,-0.5119899582771383,0.8772272624861458,0.4374877341959776,True,True,True,True,True,True
J_NRMS_Variant_Ablation,nrms_large1M,mv4 vs mv_eac,NDCG@K,500000,292991,-0.0042372201950762,-0.0217032648649085,0.0,-0.0245753262530305,3.4226793912623075e-260,-0.0217032648649085,-0.0245753262530305,-0.0227345739212963,-0.0242802258264965,True,True,True,True,False,False
J_NRMS_Variant_Ablation,nrms_large1M,mv4 vs mv_eac,ILD@K,500000,292991,-0.0022487999999999,-0.1493001183336137,0.0,-0.1686729329955451,0.0,-0.1493001183336137,-0.1686729329955451,-0.2431351324528289,-0.1708957812409092,True,True,True,True,True,True
J_NRMS_Variant_Ablation,nrms_large1M,mv4 vs mv_eac,Entropy,500000,292991,-0.0073083553276564,-0.1607667303174359,0.0,-0.1820681083881168,0.0,-0.1607667303174359,-0.1820681083881168,-0.262563875394999,-0.1828310669273734,True,True,True,True,True,True
J_NRMS_Variant_Ablation,nrms_large1M,mv4 vs mv_eac,ERR@K,500000,292991,0.0009266953018476,0.0430029506185944,2.412388118493852e-183,0.0497334004860552,1.1968954116885136e-168,-0.0430029506185944,-0.0497334004860552,0.0689015044029243,0.0406975748729982,True,True,True,True,False,False
J_NRMS_Variant_Ablation,nrms_large1M,mv4 vs mv_eac,TCI@K,500000,292991,0.0007257166394535,0.2463306055498603,0.0,0.280586310354781,0.0,-0.2463306055498603,-0.280586310354781,0.4142024992476028,0.2617413653147942,True,True,True,True,True,True
